order_id,customer_id,order_date,delivery_date,delivery_time_days,delivery_status,total_sales,AOV,order_frequency,monthly_order_growth_rate,is_churned
1,64,2021-08-30,2021-09-24,25,Late,1487.0,1487.0,1.0,-17.35,0
2,473,2021-02-03,2021-02-13,10,On-Time,1130.0,1130.0,1.0,-17.35,1
3,774,2021-10-08,2021-11-03,26,Late,508.0,508.0,1.0,-17.35,0
4,433,2021-05-06,2021-05-19,13,On-Time,976.0,976.0,1.0,-17.35,1
5,441,2021-03-23,2021-03-24,1,On-Time,2043.0,2043.0,2.0,-17.35,1
6,800,2021-09-09,2021-10-05,26,Late,732.0,732.0,1.0,-17.35,0
7,626,2021-04-05,2021-04-11,6,On-Time,523.0,523.0,1.0,-17.35,1
8,58,2021-04-12,2021-05-01,19,Late,299.0,299.0,1.0,-17.35,0
9,852,2021-05-01,2021-05-11,10,On-Time,1315.0,1315.0,1.5,-17.35,1
10,659,2021-10-15,2021-10-16,1,On-Time,874.0,874.0,1.0,-17.35,0
11,785,2021-06-15,2021-06-30,15,Late,461.0,461.0,1.0,-17.35,1
12,120,2021-06-30,2021-07-11,11,On-Time,714.0,714.0,1.0,-17.35,1
13,204,2021-10-15,2021-10-31,16,Late,1583.0,1583.0,1.0,-17.35,0
14,957,2021-03-29,2021-04-12,14,On-Time,1254.0,1254.0,1.0,-17.35,1
15,468,2021-09-22,2021-10-08,16,Late,1365.0,1365.0,1.0,-17.35,0
16,564,2021-07-07,2021-07-08,1,On-Time,1786.0,1786.0,1.0,-17.35,1
17,614,2021-02-09,2021-02-11,2,On-Time,670.0,670.0,1.5,-17.35,1
18,299,2021-01-01,2021-01-03,2,On-Time,952.0,952.0,1.0,-17.35,1
19,513,2021-08-30,2021-09-10,11,On-Time,1244.0,1244.0,1.0,-17.35,0
20,789,2021-01-13,2021-01-20,7,On-Time,1557.0,1557.0,2.0,-17.35,1
21,124,2021-04-04,2021-04-17,13,On-Time,494.0,494.0,1.0,-17.35,1
22,180,2021-05-28,2021-06-09,12,On-Time,973.0,973.0,1.0,-17.35,1
23,652,2021-05-17,2021-05-22,5,On-Time,563.0,563.0,1.0,-17.35,1
24,469,2021-09-04,2021-09-20,16,Late,322.0,322.0,1.3333333333333333,-17.35,0
25,562,2021-07-04,2021-07-08,4,On-Time,527.0,527.0,1.0,-17.35,1
26,732,2021-04-25,2021-05-04,9,On-Time,614.0,614.0,2.0,-17.35,0
27,443,2021-05-16,2021-05-28,12,On-Time,1136.0,1136.0,1.0,-17.35,0
28,206,2021-08-19,2021-09-04,16,Late,2267.0,2267.0,1.3333333333333333,-17.35,1
29,993,2021-03-22,2021-03-28,6,On-Time,892.0,892.0,1.0,-17.35,1
30,260,2021-07-07,2021-07-26,19,Late,1243.0,1243.0,2.0,-17.35,1
31,727,2021-03-11,2021-04-05,25,Late,441.0,441.0,1.0,-17.35,0
32,627,2021-06-17,2021-07-14,27,Late,742.0,742.0,1.0,-17.35,0
33,588,2021-07-01,2021-07-07,6,On-Time,1355.0,1355.0,1.0,-17.35,1
34,412,2021-05-23,2021-05-30,7,On-Time,709.0,709.0,1.5,-17.35,1
35,358,2021-08-31,2021-09-07,7,On-Time,1166.0,1166.0,1.0,-17.35,0
36,51,2021-08-22,2021-09-04,13,On-Time,1150.0,1150.0,1.0,-17.35,1
37,78,2021-07-07,2021-07-18,11,On-Time,1415.0,1415.0,1.0,-17.35,1
38,809,2021-02-03,2021-02-19,16,Late,466.0,466.0,1.0,-17.35,1
39,466,2021-02-26,2021-03-20,22,Late,2066.0,2066.0,1.0,-17.35,1
40,86,2021-01-07,2021-01-19,12,On-Time,1004.0,1004.0,1.0,-17.35,1
41,790,2021-01-03,2021-01-09,6,On-Time,525.0,525.0,1.0,-17.35,1
42,690,2021-07-29,2021-08-02,4,On-Time,528.0,528.0,1.0,-17.35,0
43,570,2021-07-13,2021-08-03,21,Late,580.0,580.0,1.0,-17.35,1
44,849,2021-09-07,2021-09-22,15,Late,716.0,716.0,1.0,-17.35,0
45,571,2021-05-30,2021-06-21,22,Late,1318.0,1318.0,1.2,-17.35,1
46,922,2021-06-22,2021-07-04,12,On-Time,768.0,768.0,1.0,-17.35,0
47,791,2021-04-21,2021-04-23,2,On-Time,1092.0,1092.0,1.0,-17.35,1
48,620,2021-04-16,2021-04-23,7,On-Time,436.0,436.0,1.0,-17.35,1
49,336,2021-01-22,2021-02-13,22,Late,583.0,583.0,1.0,-17.35,1
50,454,2021-09-16,2021-09-18,2,On-Time,1371.0,1371.0,1.0,-17.35,0
51,399,2021-02-19,2021-02-26,7,On-Time,590.0,590.0,1.0,-17.35,1
52,493,2021-10-06,2021-10-29,23,Late,945.0,945.0,1.0,-17.35,0
53,528,2021-04-22,2021-05-02,10,On-Time,573.0,573.0,1.0,-17.35,0
54,195,2021-04-25,2021-05-17,22,Late,719.0,719.0,1.0,-17.35,1
55,873,2021-04-08,2021-04-25,17,Late,119.0,119.0,1.0,-17.35,1
56,587,2021-01-23,2021-02-18,26,Late,1023.0,1023.0,1.0,-17.35,1
57,163,2021-02-27,2021-03-13,14,On-Time,609.0,609.0,1.5,-17.35,0
58,332,2021-02-02,2021-02-10,8,On-Time,467.0,467.0,1.0,-17.35,1
59,843,2021-01-31,2021-02-27,27,Late,413.0,413.0,1.0,-17.35,1
60,301,2021-02-05,2021-02-28,23,Late,1093.0,1093.0,1.0,-17.35,1
61,158,2021-04-16,2021-04-28,12,On-Time,879.0,879.0,1.0,-17.35,1
62,93,2021-07-30,2021-08-13,14,On-Time,390.0,390.0,1.0,-17.35,1
63,556,2021-02-11,2021-03-08,25,Late,807.0,807.0,1.0,-17.35,0
64,167,2021-01-24,2021-02-15,22,Late,738.0,738.0,1.0,-17.35,1
65,388,2021-06-26,2021-07-22,26,Late,624.0,624.0,1.0,-17.35,1
66,631,2021-08-14,2021-08-22,8,On-Time,2077.0,2077.0,1.0,-17.35,1
67,504,2021-05-22,2021-06-17,26,Late,576.0,576.0,1.0,-17.35,1
68,180,2021-02-12,2021-02-18,6,On-Time,526.0,526.0,1.0,-17.35,1
69,96,2021-03-08,2021-03-28,20,Late,1285.0,1285.0,1.0,-17.35,0
70,802,2021-05-15,2021-05-26,11,On-Time,100.0,100.0,1.0,-17.35,1
71,795,2021-02-14,2021-02-16,2,On-Time,327.0,327.0,1.0,-17.35,1
72,610,2021-03-13,2021-03-16,3,On-Time,836.0,836.0,1.0,-17.35,1
73,965,2021-07-24,2021-08-19,26,Late,1095.0,1095.0,1.0,-17.35,1
74,391,2021-02-23,2021-02-27,4,On-Time,650.0,650.0,1.0,-17.35,1
75,68,2021-08-24,2021-09-15,22,Late,893.0,893.0,1.0,-17.35,0
76,470,2021-06-18,2021-06-26,8,On-Time,1105.0,1105.0,1.0,-17.35,1
77,680,2021-04-19,2021-04-29,10,On-Time,2733.0,2733.0,1.5,-17.35,1
78,681,2021-05-13,2021-05-29,16,Late,799.0,799.0,1.0,-17.35,1
79,236,2021-03-16,2021-03-25,9,On-Time,771.0,771.0,1.0,-17.35,1
80,872,2021-04-26,2021-05-20,24,Late,386.0,386.0,1.0,-17.35,1
81,736,2021-06-13,2021-06-15,2,On-Time,1099.0,1099.0,1.0,-17.35,1
82,927,2021-02-02,2021-02-27,25,Late,1441.0,1441.0,2.0,-17.35,1
83,537,2021-06-25,2021-07-01,6,On-Time,408.0,408.0,1.0,-17.35,1
84,181,2021-08-26,2021-09-20,25,Late,571.0,571.0,1.0,-17.35,0
85,251,2021-03-10,2021-03-22,12,On-Time,537.0,537.0,1.0,-17.35,1
86,874,2021-08-05,2021-08-11,6,On-Time,200.0,200.0,1.0,-17.35,1
87,325,2021-06-20,2021-07-16,26,Late,821.0,821.0,1.0,-17.35,1
88,567,2021-07-19,2021-08-15,27,Late,1370.0,1370.0,1.0,-17.35,1
89,448,2021-10-22,2021-11-16,25,Late,831.0,831.0,1.0,-17.35,0
90,809,2021-06-13,2021-07-07,24,Late,1397.0,1397.0,1.0,-17.35,1
91,803,2021-09-02,2021-09-15,13,On-Time,1090.0,1090.0,1.0,-17.35,0
92,273,2021-01-12,2021-01-30,18,Late,1169.0,1169.0,1.0,-17.35,1
93,908,2021-10-22,2021-11-11,20,Late,672.0,672.0,1.0,-17.35,0
94,629,2021-03-08,2021-03-26,18,Late,1225.0,1225.0,1.0,-17.35,0
95,413,2021-01-25,2021-02-05,11,On-Time,1710.0,1710.0,1.0,-17.35,1
96,415,2021-06-20,2021-06-30,10,On-Time,925.0,925.0,1.0,-17.35,0
97,106,2021-03-29,2021-03-31,2,On-Time,1474.0,1474.0,1.0,-17.35,1
98,257,2021-04-29,2021-05-08,9,On-Time,1016.0,1016.0,1.0,-17.35,1
99,291,2021-09-13,2021-09-25,12,On-Time,1017.0,1017.0,1.0,-17.35,0
100,817,2021-03-30,2021-04-16,17,Late,1709.0,1709.0,1.0,-17.35,1
101,807,2021-01-31,2021-02-27,27,Late,1198.0,1198.0,1.0,-17.35,1
102,846,2021-05-07,2021-05-26,19,Late,327.0,327.0,1.0,-17.35,1
103,209,2021-06-16,2021-06-24,8,On-Time,1857.0,1857.0,1.0,-17.35,1
104,366,2021-06-05,2021-06-23,18,Late,1141.0,1141.0,1.0,-17.35,1
105,456,2021-06-25,2021-07-14,19,Late,286.0,286.0,1.0,-17.35,1
106,573,2021-03-09,2021-03-28,19,Late,810.0,810.0,1.0,-17.35,1
107,127,2021-01-11,2021-02-03,23,Late,1145.0,1145.0,1.0,-17.35,1
108,935,2021-03-07,2021-03-28,21,Late,2141.0,2141.0,1.0,-17.35,1
109,554,2021-04-06,2021-04-29,23,Late,708.0,708.0,1.0,-17.35,1
110,607,2021-09-02,2021-09-06,4,On-Time,818.0,818.0,1.0,-17.35,0
111,794,2021-03-30,2021-04-14,15,Late,1053.0,1053.0,1.0,-17.35,1
112,75,2021-02-04,2021-02-17,13,On-Time,1044.0,1044.0,1.0,-17.35,1
113,565,2021-03-19,2021-04-08,20,Late,2316.0,2316.0,1.0,-17.35,1
114,160,2021-08-08,2021-09-02,25,Late,1412.0,1412.0,1.0,-17.35,1
115,492,2021-04-11,2021-04-22,11,On-Time,594.0,594.0,1.0,-17.35,1
116,510,2021-04-25,2021-05-20,25,Late,318.0,318.0,1.0,-17.35,1
117,971,2021-01-08,2021-01-23,15,Late,1183.0,1183.0,1.5,-17.35,1
118,639,2021-02-20,2021-02-22,2,On-Time,528.0,528.0,1.5,-17.35,1
119,545,2021-04-29,2021-05-06,7,On-Time,500.0,500.0,1.0,-17.35,1
120,585,2021-06-09,2021-06-14,5,On-Time,1167.0,1167.0,1.0,-17.35,1
121,549,2021-04-21,2021-04-23,2,On-Time,1416.0,1416.0,1.0,-17.35,0
122,732,2021-04-13,2021-05-04,21,Late,715.0,715.0,2.0,-17.35,0
123,471,2021-03-04,2021-03-22,18,Late,1867.0,1867.0,1.0,-17.35,1
124,776,2021-07-06,2021-07-15,9,On-Time,2021.0,2021.0,1.0,-17.35,0
125,321,2021-10-22,2021-11-03,12,On-Time,205.0,205.0,1.0,-17.35,0
126,326,2021-01-31,2021-02-20,20,Late,1268.0,1268.0,1.0,-17.35,1
127,51,2021-04-01,2021-04-11,10,On-Time,1418.0,1418.0,1.0,-17.35,1
128,936,2021-10-13,2021-11-09,27,Late,1718.0,1718.0,1.0,-17.35,0
129,428,2021-05-24,2021-05-27,3,On-Time,506.0,506.0,1.0,-17.35,1
130,439,2021-06-20,2021-07-15,25,Late,95.0,95.0,1.3333333333333333,-17.35,1
131,629,2021-09-20,2021-09-24,4,On-Time,948.0,948.0,1.0,-17.35,0
132,562,2021-04-17,2021-05-01,14,On-Time,903.0,903.0,1.0,-17.35,1
133,878,2021-07-07,2021-07-17,10,On-Time,576.0,576.0,1.0,-17.35,1
134,12,2021-06-19,2021-07-01,12,On-Time,1551.0,1551.0,1.0,-17.35,1
135,942,2021-05-15,2021-06-02,18,Late,610.0,610.0,1.0,-17.35,1
136,539,2021-09-06,2021-09-08,2,On-Time,807.0,807.0,1.0,-17.35,0
137,298,2021-10-18,2021-10-20,2,On-Time,635.0,635.0,1.0,-17.35,0
138,331,2021-02-05,2021-02-10,5,On-Time,987.0,987.0,1.0,-17.35,0
139,871,2021-06-15,2021-06-28,13,On-Time,761.0,761.0,1.0,-17.35,1
140,539,2021-04-08,2021-04-13,5,On-Time,1507.0,1507.0,1.0,-17.35,0
141,528,2021-08-26,2021-09-13,18,Late,805.0,805.0,1.0,-17.35,0
142,237,2021-06-15,2021-07-12,27,Late,2469.0,2469.0,1.0,-17.35,1
143,828,2021-02-08,2021-02-11,3,On-Time,1089.0,1089.0,1.0,-17.35,0
144,928,2021-05-22,2021-05-28,6,On-Time,890.0,890.0,1.0,-17.35,1
145,871,2021-02-02,2021-02-10,8,On-Time,978.0,978.0,1.0,-17.35,1
146,912,2021-08-30,2021-09-26,27,Late,624.0,624.0,1.0,-17.35,0
147,818,2021-09-28,2021-10-16,18,Late,112.0,112.0,1.0,-17.35,0
148,573,2021-01-14,2021-01-24,10,On-Time,1012.0,1012.0,1.0,-17.35,1
149,500,2021-03-03,2021-03-14,11,On-Time,1039.0,1039.0,1.0,-17.35,1
150,462,2021-06-22,2021-06-27,5,On-Time,951.0,951.0,1.0,-17.35,1
151,357,2021-08-08,2021-09-01,24,Late,738.0,738.0,1.0,-17.35,1
152,320,2021-03-09,2021-03-12,3,On-Time,1296.0,1296.0,1.0,-17.35,1
153,727,2021-10-21,2021-11-17,27,Late,1579.0,1579.0,1.0,-17.35,0
154,674,2021-10-17,2021-11-07,21,Late,700.0,700.0,1.0,-17.35,0
155,834,2021-06-30,2021-07-18,18,Late,102.0,102.0,1.0,-17.35,1
156,727,2021-07-10,2021-07-29,19,Late,997.0,997.0,1.0,-17.35,0
157,909,2021-04-07,2021-04-17,10,On-Time,699.0,699.0,1.0,-17.35,1
158,828,2021-07-13,2021-08-04,22,Late,1226.0,1226.0,1.0,-17.35,0
159,208,2021-09-05,2021-09-13,8,On-Time,919.0,919.0,1.0,-17.35,0
160,725,2021-07-31,2021-08-06,6,On-Time,1498.0,1498.0,1.0,-17.35,1
161,566,2021-03-22,2021-04-11,20,Late,1728.0,1728.0,1.0,-17.35,0
162,431,2021-04-25,2021-05-05,10,On-Time,1170.0,1170.0,1.0,-17.35,1
163,84,2021-06-12,2021-06-17,5,On-Time,1724.0,1724.0,1.0,-17.35,0
164,412,2021-05-21,2021-06-03,13,On-Time,929.0,929.0,1.5,-17.35,1
165,389,2021-06-23,2021-07-20,27,Late,1085.0,1085.0,1.0,-17.35,1
166,113,2021-07-11,2021-07-14,3,On-Time,1288.0,1288.0,1.0,-17.35,1
167,595,2021-06-26,2021-07-18,22,Late,566.0,566.0,1.0,-17.35,1
168,664,2021-01-10,2021-01-27,17,Late,1042.0,1042.0,1.0,-17.35,0
169,996,2021-03-09,2021-03-12,3,On-Time,2066.0,2066.0,1.0,-17.35,0
170,867,2021-08-17,2021-09-03,17,Late,940.0,940.0,1.0,-17.35,1
171,443,2021-09-14,2021-09-16,2,On-Time,1468.0,1468.0,1.0,-17.35,0
172,224,2021-01-05,2021-01-27,22,Late,1649.0,1649.0,1.0,-17.35,1
173,435,2021-06-06,2021-07-01,25,Late,212.0,212.0,1.0,-17.35,1
174,497,2021-02-22,2021-03-17,23,Late,469.0,469.0,1.0,-17.35,0
175,309,2021-03-22,2021-04-16,25,Late,1567.0,1567.0,1.0,-17.35,1
176,574,2021-09-26,2021-10-04,8,On-Time,1027.0,1027.0,1.0,-17.35,0
177,315,2021-08-20,2021-09-01,12,On-Time,1057.0,1057.0,1.0,-17.35,1
178,236,2021-02-02,2021-02-08,6,On-Time,295.0,295.0,1.0,-17.35,1
179,161,2021-06-10,2021-06-27,17,Late,1328.0,1328.0,1.0,-17.35,1
180,469,2021-05-29,2021-06-22,24,Late,897.0,897.0,1.3333333333333333,-17.35,0
181,241,2021-01-29,2021-02-13,15,Late,424.0,424.0,1.0,-17.35,1
182,461,2021-02-22,2021-03-04,10,On-Time,1929.0,1929.0,1.5,-17.35,1
183,715,2021-10-06,2021-10-12,6,On-Time,1682.0,1682.0,1.0,-17.35,0
184,240,2021-09-15,2021-09-29,14,On-Time,640.0,640.0,1.0,-17.35,0
185,945,2021-04-06,2021-04-20,14,On-Time,2095.0,2095.0,1.0,-17.35,1
186,833,2021-09-26,2021-10-14,18,Late,1034.0,1034.0,1.0,-17.35,0
187,401,2021-01-10,2021-01-19,9,On-Time,1195.0,1195.0,1.0,-17.35,0
188,571,2021-04-10,2021-04-22,12,On-Time,742.0,742.0,1.2,-17.35,1
189,586,2021-07-17,2021-08-08,22,Late,603.0,603.0,1.0,-17.35,1
190,421,2021-02-01,2021-02-17,16,Late,321.0,321.0,1.0,-17.35,1
191,18,2021-01-22,2021-02-15,24,Late,891.0,891.0,1.0,-17.35,1
192,842,2021-02-06,2021-02-19,13,On-Time,1870.0,1870.0,1.0,-17.35,1
193,846,2021-06-06,2021-06-07,1,On-Time,1629.0,1629.0,1.0,-17.35,1
194,415,2021-10-23,2021-11-03,11,On-Time,1344.0,1344.0,1.0,-17.35,0
195,92,2021-04-13,2021-04-17,4,On-Time,704.0,704.0,1.0,-17.35,1
196,630,2021-10-22,2021-11-16,25,Late,1212.0,1212.0,1.0,-17.35,0
197,110,2021-04-30,2021-05-01,1,On-Time,941.0,941.0,1.0,-17.35,1
198,640,2021-08-31,2021-09-13,13,On-Time,693.0,693.0,1.0,-17.35,0
199,206,2021-05-17,2021-05-18,1,On-Time,1079.0,1079.0,1.3333333333333333,-17.35,1
200,15,2021-08-24,2021-09-07,14,On-Time,1348.0,1348.0,1.0,-17.35,1
201,325,2021-05-26,2021-06-18,23,Late,1045.0,1045.0,1.0,-17.35,1
202,129,2021-04-15,2021-04-22,7,On-Time,1239.0,1239.0,1.0,-17.35,0
203,369,2021-06-21,2021-07-11,20,Late,941.0,941.0,1.0,-17.35,1
204,568,2021-09-30,2021-10-10,10,On-Time,641.0,641.0,1.0,-17.35,0
205,267,2021-02-03,2021-02-04,1,On-Time,514.0,514.0,1.0,-17.35,1
206,654,2021-06-01,2021-06-16,15,Late,1211.0,1211.0,1.0,-17.35,1
207,644,2021-09-25,2021-09-28,3,On-Time,770.0,770.0,1.0,-17.35,0
208,28,2021-10-10,2021-10-15,5,On-Time,1079.0,1079.0,1.0,-17.35,0
209,292,2021-05-08,2021-05-20,12,On-Time,628.0,628.0,2.0,-17.35,1
210,723,2021-07-22,2021-08-18,27,Late,651.0,651.0,1.0,-17.35,1
211,515,2021-05-09,2021-05-17,8,On-Time,1113.0,1113.0,1.3333333333333333,-17.35,0
212,62,2021-10-14,2021-11-08,25,Late,1657.0,1657.0,1.0,-17.35,0
213,678,2021-09-14,2021-09-27,13,On-Time,1437.0,1437.0,1.0,-17.35,0
214,288,2021-06-20,2021-07-09,19,Late,682.0,682.0,1.0,-17.35,1
215,526,2021-08-10,2021-08-20,10,On-Time,777.0,777.0,3.0,-17.35,0
216,865,2021-04-16,2021-05-04,18,Late,835.0,835.0,1.0,-17.35,1
217,234,2021-07-18,2021-07-31,13,On-Time,1596.0,1596.0,2.0,-17.35,1
218,606,2021-07-12,2021-07-20,8,On-Time,645.0,645.0,1.0,-17.35,1
219,667,2021-01-05,2021-01-10,5,On-Time,505.0,505.0,1.0,-17.35,1
220,555,2021-10-10,2021-10-25,15,Late,978.0,978.0,1.0,-17.35,0
221,473,2021-08-03,2021-08-17,14,On-Time,1045.0,1045.0,1.0,-17.35,1
222,368,2021-09-08,2021-10-05,27,Late,770.0,770.0,1.0,-17.35,0
223,657,2021-03-23,2021-03-30,7,On-Time,1470.0,1470.0,1.0,-17.35,1
224,628,2021-07-07,2021-08-02,26,Late,1022.0,1022.0,1.0,-17.35,1
225,664,2021-10-04,2021-10-26,22,Late,1383.0,1383.0,1.0,-17.35,0
226,28,2021-07-09,2021-07-23,14,On-Time,1798.0,1798.0,1.0,-17.35,0
227,406,2021-10-23,2021-11-19,27,Late,,,1.0,-17.35,0
228,773,2021-01-06,2021-01-17,11,On-Time,998.0,998.0,1.0,-17.35,1
229,107,2021-10-08,2021-10-20,12,On-Time,590.0,590.0,1.3333333333333333,-17.35,0
230,497,2021-08-31,2021-09-18,18,Late,299.0,299.0,1.0,-17.35,0
231,731,2021-03-20,2021-04-09,20,Late,771.0,771.0,1.0,-17.35,1
232,256,2021-05-02,2021-05-16,14,On-Time,1286.0,1286.0,1.0,-17.35,1
233,996,2021-09-03,2021-09-19,16,Late,979.0,979.0,1.0,-17.35,0
234,133,2021-09-18,2021-10-10,22,Late,697.0,697.0,1.0,-17.35,0
235,767,2021-09-28,2021-10-12,14,On-Time,1291.0,1291.0,1.0,-17.35,0
236,228,2021-07-15,2021-08-08,24,Late,779.0,779.0,1.0,-17.35,1
237,829,2021-03-16,2021-04-06,21,Late,1046.0,1046.0,1.0,-17.35,1
238,328,2021-03-17,2021-03-27,10,On-Time,1432.0,1432.0,1.0,-17.35,0
239,530,2021-10-13,2021-11-02,20,Late,618.0,618.0,1.0,-17.35,0
240,578,2021-01-27,2021-02-01,5,On-Time,1101.0,1101.0,1.0,-17.35,1
241,401,2021-07-22,2021-08-17,26,Late,642.0,642.0,1.0,-17.35,0
242,909,2021-08-25,2021-09-13,19,Late,1448.0,1448.0,1.0,-17.35,1
243,263,2021-07-06,2021-07-11,5,On-Time,419.0,419.0,1.0,-17.35,1
244,637,2021-09-02,2021-09-09,7,On-Time,1169.0,1169.0,1.0,-17.35,0
245,191,2021-05-06,2021-05-10,4,On-Time,1005.0,1005.0,1.0,-17.35,1
246,641,2021-06-19,2021-07-16,27,Late,780.0,780.0,1.0,-17.35,1
247,68,2021-10-19,2021-11-12,24,Late,693.0,693.0,1.0,-17.35,0
248,457,2021-01-15,2021-01-20,5,On-Time,1667.0,1667.0,1.0,-17.35,1
249,86,2021-05-13,2021-05-26,13,On-Time,1338.0,1338.0,1.0,-17.35,1
250,518,2021-03-26,2021-04-03,8,On-Time,1032.0,1032.0,1.0,-17.35,1
251,433,2021-07-31,2021-08-27,27,Late,853.0,853.0,1.0,-17.35,1
252,683,2021-01-11,2021-02-05,25,Late,2597.0,2597.0,1.5,-17.35,1
253,179,2021-09-10,2021-10-02,22,Late,677.0,677.0,2.0,-17.35,0
254,571,2021-08-07,2021-09-03,27,Late,697.0,697.0,1.2,-17.35,1
255,605,2021-09-26,2021-10-15,19,Late,565.0,565.0,2.0,-17.35,0
256,313,2021-08-09,2021-08-12,3,On-Time,961.0,961.0,1.0,-17.35,1
257,914,2021-02-12,2021-03-02,18,Late,969.0,969.0,1.0,-17.35,1
258,742,2021-10-21,2021-11-13,23,Late,1091.0,1091.0,1.0,-17.35,0
259,878,2021-08-16,2021-09-07,22,Late,564.0,564.0,1.0,-17.35,1
260,317,2021-07-13,2021-07-25,12,On-Time,1101.0,1101.0,1.0,-17.35,1
261,250,2021-02-06,2021-03-01,23,Late,871.0,871.0,1.0,-17.35,1
262,812,2021-05-22,2021-05-24,2,On-Time,796.0,796.0,1.0,-17.35,1
263,372,2021-06-19,2021-07-08,19,Late,1066.0,1066.0,1.0,-17.35,1
264,636,2021-06-13,2021-06-18,5,On-Time,1425.0,1425.0,1.0,-17.35,1
265,189,2021-07-04,2021-07-29,25,Late,938.0,938.0,1.0,-17.35,0
266,623,2021-03-10,2021-03-20,10,On-Time,1184.0,1184.0,1.0,-17.35,0
267,34,2021-09-11,2021-09-12,1,On-Time,866.0,866.0,1.0,-17.35,0
268,530,2021-03-16,2021-04-10,25,Late,220.0,220.0,1.0,-17.35,0
269,89,2021-02-05,2021-02-22,17,Late,908.0,908.0,1.0,-17.35,1
270,711,2021-03-02,2021-03-27,25,Late,1178.0,1178.0,1.0,-17.35,1
271,469,2021-06-07,2021-06-09,2,On-Time,642.0,642.0,1.3333333333333333,-17.35,0
272,92,2021-01-20,2021-01-31,11,On-Time,117.0,117.0,1.0,-17.35,1
273,828,2021-10-07,2021-11-03,27,Late,735.0,735.0,1.0,-17.35,0
274,19,2021-04-13,2021-04-27,14,On-Time,1172.0,1172.0,1.0,-17.35,1
275,329,2021-01-05,2021-01-15,10,On-Time,1245.0,1245.0,1.0,-17.35,1
276,775,2021-06-20,2021-06-24,4,On-Time,781.0,781.0,1.0,-17.35,1
277,659,2021-04-05,2021-04-06,1,On-Time,1593.0,1593.0,1.0,-17.35,0
278,510,2021-01-30,2021-02-13,14,On-Time,1054.0,1054.0,1.0,-17.35,1
279,620,2021-07-25,2021-07-28,3,On-Time,1441.0,1441.0,1.0,-17.35,1
280,551,2021-01-07,2021-01-08,1,On-Time,517.0,517.0,1.0,-17.35,1
281,489,2021-07-03,2021-07-15,12,On-Time,1970.0,1970.0,1.0,-17.35,1
282,423,2021-03-30,2021-04-18,19,Late,1426.0,1426.0,1.0,-17.35,1
283,303,2021-09-04,2021-09-15,11,On-Time,1747.0,1747.0,1.0,-17.35,0
284,522,2021-04-29,2021-05-16,17,Late,273.0,273.0,1.0,-17.35,1
285,882,2021-09-25,2021-10-20,25,Late,404.0,404.0,1.3333333333333333,-17.35,0
286,998,2021-01-05,2021-01-08,3,On-Time,1390.0,1390.0,1.0,-17.35,1
287,799,2021-09-09,2021-10-03,24,Late,760.0,760.0,1.0,-17.35,0
288,201,2021-10-13,2021-10-16,3,On-Time,1999.0,1999.0,1.0,-17.35,0
289,977,2021-01-26,2021-02-16,21,Late,1963.0,1963.0,1.0,-17.35,1
290,364,2021-08-01,2021-08-16,15,Late,986.0,986.0,1.0,-17.35,1
291,112,2021-01-12,2021-02-05,24,Late,1378.0,1378.0,1.0,-17.35,1
292,337,2021-03-26,2021-04-04,9,On-Time,1452.0,1452.0,1.0,-17.35,1
293,426,2021-08-05,2021-08-13,8,On-Time,1298.0,1298.0,1.0,-17.35,1
294,499,2021-08-28,2021-09-15,18,Late,921.0,921.0,1.0,-17.35,0
295,412,2021-03-05,2021-03-19,14,On-Time,313.0,313.0,1.5,-17.35,1
296,207,2021-10-22,2021-10-25,3,On-Time,1252.0,1252.0,1.0,-17.35,0
297,256,2021-06-15,2021-06-27,12,On-Time,1928.0,1928.0,1.0,-17.35,1
298,58,2021-09-11,2021-09-20,9,On-Time,1226.0,1226.0,1.0,-17.35,0
299,994,2021-01-12,2021-02-03,22,Late,1716.0,1716.0,1.0,-17.35,1
300,912,2021-09-30,2021-10-25,25,Late,204.0,204.0,1.0,-17.35,0
301,535,2021-06-21,2021-06-25,4,On-Time,1513.0,1513.0,1.0,-17.35,0
302,156,2021-06-19,2021-07-07,18,Late,385.0,385.0,2.0,-17.35,1
303,758,2021-09-02,2021-09-11,9,On-Time,873.0,873.0,1.0,-17.35,0
304,537,2021-04-10,2021-05-03,23,Late,1538.0,1538.0,1.0,-17.35,1
305,234,2021-07-09,2021-07-26,17,Late,865.0,865.0,2.0,-17.35,1
306,747,2021-10-16,2021-10-19,3,On-Time,327.0,327.0,1.0,-17.35,0
307,679,2021-10-11,2021-10-28,17,Late,874.0,874.0,1.0,-17.35,0
308,549,2021-02-13,2021-03-08,23,Late,739.0,739.0,1.0,-17.35,0
309,390,2021-01-07,2021-01-25,18,Late,307.0,307.0,1.0,-17.35,1
310,348,2021-04-25,2021-05-15,20,Late,1055.0,1055.0,1.25,-17.35,0
311,807,2021-03-07,2021-03-25,18,Late,754.0,754.0,1.0,-17.35,1
312,683,2021-07-06,2021-07-31,25,Late,2279.0,2279.0,1.5,-17.35,1
313,266,2021-06-02,2021-06-11,9,On-Time,1755.0,1755.0,1.0,-17.35,1
314,95,2021-08-14,2021-08-17,3,On-Time,1932.0,1932.0,1.0,-17.35,1
315,239,2021-04-05,2021-04-25,20,Late,501.0,501.0,1.0,-17.35,1
316,179,2021-09-12,2021-09-20,8,On-Time,910.0,910.0,2.0,-17.35,0
317,876,2021-04-23,2021-04-26,3,On-Time,523.0,523.0,1.0,-17.35,1
318,433,2021-01-31,2021-02-17,17,Late,402.0,402.0,1.0,-17.35,1
319,933,2021-08-22,2021-09-16,25,Late,698.0,698.0,1.0,-17.35,1
320,41,2021-08-22,2021-09-12,21,Late,1417.0,1417.0,1.0,-17.35,1
321,833,2021-08-26,2021-08-31,5,On-Time,1537.0,1537.0,1.0,-17.35,0
322,686,2021-08-17,2021-09-12,26,Late,1281.0,1281.0,1.0,-17.35,1
323,852,2021-03-23,2021-04-13,21,Late,1754.0,1754.0,1.5,-17.35,1
324,99,2021-07-05,2021-07-16,11,On-Time,1256.0,1256.0,1.0,-17.35,1
325,318,2021-05-11,2021-05-28,17,Late,452.0,452.0,1.0,-17.35,1
326,199,2021-06-22,2021-07-01,9,On-Time,675.0,675.0,1.0,-17.35,1
327,710,2021-07-28,2021-07-31,3,On-Time,1384.0,1384.0,1.0,-17.35,1
328,246,2021-04-14,2021-05-08,24,Late,477.0,477.0,1.0,-17.35,1
329,820,2021-04-30,2021-05-24,24,Late,898.0,898.0,1.0,-17.35,1
330,887,2021-03-12,2021-04-08,27,Late,1711.0,1711.0,1.0,-17.35,1
331,414,2021-03-18,2021-03-23,5,On-Time,204.0,204.0,2.0,-17.35,1
332,466,2021-03-13,2021-03-14,1,On-Time,,,1.0,-17.35,1
333,367,2021-10-18,2021-11-09,22,Late,1533.0,1533.0,1.0,-17.35,0
334,539,2021-05-12,2021-05-23,11,On-Time,1461.0,1461.0,1.0,-17.35,0
335,485,2021-09-30,2021-10-24,24,Late,474.0,474.0,1.0,-17.35,0
336,615,2021-05-25,2021-05-28,3,On-Time,943.0,943.0,1.0,-17.35,1
337,341,2021-08-02,2021-08-04,2,On-Time,1014.0,1014.0,1.0,-17.35,1
338,630,2021-01-26,2021-02-13,18,Late,897.0,897.0,1.0,-17.35,0
339,409,2021-04-06,2021-04-13,7,On-Time,1096.0,1096.0,1.0,-17.35,1
340,841,2021-07-17,2021-08-13,27,Late,735.0,735.0,1.0,-17.35,1
341,602,2021-02-07,2021-02-09,2,On-Time,2267.0,2267.0,1.0,-17.35,1
342,348,2021-08-24,2021-09-08,15,Late,1171.0,1171.0,1.25,-17.35,0
343,673,2021-09-17,2021-10-06,19,Late,632.0,632.0,1.0,-17.35,0
344,526,2021-08-16,2021-09-06,21,Late,546.0,546.0,3.0,-17.35,0
345,711,2021-02-14,2021-03-05,19,Late,510.0,510.0,1.0,-17.35,1
346,739,2021-03-23,2021-04-06,14,On-Time,1542.0,1542.0,1.0,-17.35,1
347,209,2021-05-29,2021-06-14,16,Late,688.0,688.0,1.0,-17.35,1
348,732,2021-10-07,2021-10-28,21,Late,1759.0,1759.0,2.0,-17.35,0
349,847,2021-04-13,2021-04-29,16,Late,1039.0,1039.0,1.0,-17.35,1
350,869,2021-02-14,2021-03-02,16,Late,1196.0,1196.0,1.0,-17.35,1
351,478,2021-05-02,2021-05-04,2,On-Time,1834.0,1834.0,1.0,-17.35,1
352,52,2021-10-08,2021-10-10,2,On-Time,1180.0,1180.0,1.0,-17.35,0
353,774,2021-03-30,2021-04-05,6,On-Time,1423.0,1423.0,1.0,-17.35,0
354,18,2021-02-26,2021-03-08,10,On-Time,1410.0,1410.0,1.0,-17.35,1
355,46,2021-04-14,2021-04-24,10,On-Time,710.0,710.0,1.0,-17.35,1
356,236,2021-04-01,2021-04-15,14,On-Time,1626.0,1626.0,1.0,-17.35,1
357,70,2021-02-08,2021-02-13,5,On-Time,547.0,547.0,1.0,-17.35,1
358,796,2021-04-07,2021-04-12,5,On-Time,2024.0,2024.0,1.0,-17.35,1
359,661,2021-05-16,2021-05-31,15,Late,742.0,742.0,1.0,-17.35,1
360,870,2021-08-03,2021-08-08,5,On-Time,614.0,614.0,1.0,-17.35,1
361,988,2021-02-06,2021-02-25,19,Late,1046.0,1046.0,1.0,-17.35,1
362,96,2021-09-30,2021-10-07,7,On-Time,706.0,706.0,1.0,-17.35,0
363,882,2021-01-25,2021-02-21,27,Late,556.0,556.0,1.3333333333333333,-17.35,0
364,925,2021-03-13,2021-04-03,21,Late,880.0,880.0,1.0,-17.35,1
365,485,2021-04-14,2021-04-25,11,On-Time,1583.0,1583.0,1.0,-17.35,0
366,334,2021-07-15,2021-07-30,15,Late,1054.0,1054.0,1.0,-17.35,1
367,181,2021-02-20,2021-03-19,27,Late,1588.0,1588.0,1.0,-17.35,0
368,556,2021-09-02,2021-09-21,19,Late,1241.0,1241.0,1.0,-17.35,0
369,729,2021-03-26,2021-04-18,23,Late,820.0,820.0,1.5,-17.35,0
370,986,2021-01-22,2021-02-11,20,Late,1821.0,1821.0,1.0,-17.35,0
371,727,2021-08-29,2021-09-15,17,Late,1411.0,1411.0,1.0,-17.35,0
372,991,2021-03-14,2021-03-19,5,On-Time,942.0,942.0,1.0,-17.35,1
373,581,2021-03-13,2021-04-03,21,Late,1435.0,1435.0,1.0,-17.35,1
374,981,2021-06-05,2021-06-20,15,Late,1747.0,1747.0,1.0,-17.35,1
375,655,2021-01-20,2021-01-26,6,On-Time,574.0,574.0,1.0,-17.35,1
376,571,2021-07-04,2021-07-17,13,On-Time,1337.0,1337.0,1.2,-17.35,1
377,21,2021-05-19,2021-05-28,9,On-Time,1461.0,1461.0,1.5,-17.35,1
378,623,2021-09-29,2021-10-25,26,Late,575.0,575.0,1.0,-17.35,0
379,467,2021-02-13,2021-02-15,2,On-Time,1114.0,1114.0,1.0,-17.35,1
380,75,2021-03-22,2021-03-28,6,On-Time,1527.0,1527.0,1.0,-17.35,1
381,258,2021-04-11,2021-05-03,22,Late,2217.0,2217.0,1.0,-17.35,1
382,791,2021-05-04,2021-05-15,11,On-Time,657.0,657.0,1.0,-17.35,1
383,469,2021-09-08,2021-09-14,6,On-Time,924.0,924.0,1.3333333333333333,-17.35,0
384,709,2021-05-27,2021-06-22,26,Late,644.0,644.0,1.0,-17.35,1
385,146,2021-08-08,2021-08-24,16,Late,616.0,616.0,1.0,-17.35,1
386,458,2021-02-14,2021-03-03,17,Late,691.0,691.0,1.0,-17.35,1
387,341,2021-06-11,2021-06-14,3,On-Time,1115.0,1115.0,1.0,-17.35,1
388,601,2021-02-12,2021-02-17,5,On-Time,726.0,726.0,1.0,-17.35,1
389,643,2021-04-20,2021-04-23,3,On-Time,1358.0,1358.0,1.5,-17.35,1
390,206,2021-01-20,2021-01-24,4,On-Time,928.0,928.0,1.3333333333333333,-17.35,1
391,726,2021-05-16,2021-06-06,21,Late,1567.0,1567.0,1.0,-17.35,1
392,840,2021-01-12,2021-01-25,13,On-Time,706.0,706.0,1.0,-17.35,1
393,803,2021-05-06,2021-05-27,21,Late,1281.0,1281.0,1.0,-17.35,0
394,508,2021-09-06,2021-09-10,4,On-Time,1714.0,1714.0,1.0,-17.35,0
395,728,2021-03-26,2021-04-02,7,On-Time,1016.0,1016.0,1.0,-17.35,1
396,461,2021-02-26,2021-03-03,5,On-Time,800.0,800.0,1.5,-17.35,1
397,446,2021-02-03,2021-02-22,19,Late,675.0,675.0,1.0,-17.35,1
398,13,2021-09-28,2021-10-13,15,Late,332.0,332.0,1.0,-17.35,0
399,331,2021-10-21,2021-10-30,9,On-Time,1074.0,1074.0,1.0,-17.35,0
400,907,2021-07-02,2021-07-25,23,Late,1303.0,1303.0,1.0,-17.35,1
401,94,2021-08-14,2021-08-24,10,On-Time,1231.0,1231.0,1.0,-17.35,1
402,537,2021-03-09,2021-04-04,26,Late,200.0,200.0,1.0,-17.35,1
403,980,2021-09-16,2021-09-25,9,On-Time,1061.0,1061.0,1.0,-17.35,0
404,998,2021-03-03,2021-03-09,6,On-Time,198.0,198.0,1.0,-17.35,1
405,493,2021-08-09,2021-08-12,3,On-Time,831.0,831.0,1.0,-17.35,0
406,892,2021-07-25,2021-08-18,24,Late,1427.0,1427.0,1.0,-17.35,1
407,835,2021-01-09,2021-01-20,11,On-Time,595.0,595.0,2.0,-17.35,1
408,404,2021-01-30,2021-02-15,16,Late,1803.0,1803.0,1.0,-17.35,1
409,206,2021-05-03,2021-05-11,8,On-Time,1307.0,1307.0,1.3333333333333333,-17.35,1
410,47,2021-08-04,2021-08-09,5,On-Time,183.0,183.0,1.0,-17.35,1
411,771,2021-03-17,2021-04-08,22,Late,1078.0,1078.0,1.0,-17.35,1
412,427,2021-09-23,2021-10-13,20,Late,616.0,616.0,1.5,-17.35,0
413,589,2021-10-17,2021-10-31,14,On-Time,1486.0,1486.0,1.0,-17.35,0
414,212,2021-01-02,2021-01-03,1,On-Time,526.0,526.0,1.0,-17.35,1
415,947,2021-07-14,2021-07-19,5,On-Time,1467.0,1467.0,1.0,-17.35,1
416,129,2021-10-08,2021-10-25,17,Late,1470.0,1470.0,1.0,-17.35,0
417,729,2021-09-14,2021-10-11,27,Late,1157.0,1157.0,1.5,-17.35,0
418,918,2021-08-24,2021-09-15,22,Late,896.0,896.0,1.0,-17.35,1
419,745,2021-10-20,2021-11-10,21,Late,1479.0,1479.0,1.0,-17.35,0
420,482,2021-02-22,2021-03-19,25,Late,1164.0,1164.0,1.0,-17.35,1
421,691,2021-09-28,2021-10-09,11,On-Time,1423.0,1423.0,1.0,-17.35,0
422,375,2021-03-16,2021-03-26,10,On-Time,966.0,966.0,1.0,-17.35,1
423,507,2021-06-12,2021-06-21,9,On-Time,1393.0,1393.0,1.0,-17.35,1
424,551,2021-03-13,2021-03-18,5,On-Time,1237.0,1237.0,1.0,-17.35,1
425,606,2021-02-21,2021-03-17,24,Late,1154.0,1154.0,1.0,-17.35,1
426,776,2021-09-26,2021-10-16,20,Late,180.0,180.0,1.0,-17.35,0
427,282,2021-01-27,2021-02-10,14,On-Time,2333.0,2333.0,1.0,-17.35,1
428,431,2021-02-24,2021-03-23,27,Late,540.0,540.0,1.0,-17.35,1
429,754,2021-02-08,2021-02-22,14,On-Time,428.0,428.0,1.0,-17.35,0
430,155,2021-02-08,2021-03-01,21,Late,427.0,427.0,1.0,-17.35,1
431,325,2021-04-25,2021-05-09,14,On-Time,704.0,704.0,1.0,-17.35,1
432,20,2021-10-20,2021-11-03,14,On-Time,701.0,701.0,1.0,-17.35,0
433,419,2021-08-18,2021-09-02,15,Late,452.0,452.0,1.0,-17.35,1
434,940,2021-05-11,2021-06-01,21,Late,1759.0,1759.0,1.0,-17.35,1
435,886,2021-02-17,2021-02-22,5,On-Time,1266.0,1266.0,1.0,-17.35,1
436,739,2021-08-17,2021-09-10,24,Late,400.0,400.0,1.0,-17.35,1
437,269,2021-08-25,2021-09-05,11,On-Time,1332.0,1332.0,1.0,-17.35,1
438,989,2021-05-22,2021-05-31,9,On-Time,717.0,717.0,1.0,-17.35,1
439,286,2021-08-24,2021-09-06,13,On-Time,1606.0,1606.0,1.0,-17.35,1
440,553,2021-10-09,2021-10-30,21,Late,1171.0,1171.0,1.0,-17.35,0
441,726,2021-02-28,2021-03-02,2,On-Time,1742.0,1742.0,1.0,-17.35,1
442,693,2021-03-24,2021-03-30,6,On-Time,434.0,434.0,1.0,-17.35,0
443,966,2021-03-09,2021-03-27,18,Late,600.0,600.0,1.0,-17.35,1
444,383,2021-03-07,2021-03-26,19,Late,505.0,505.0,1.0,-17.35,1
445,893,2021-07-07,2021-07-27,20,Late,530.0,530.0,1.0,-17.35,1
446,283,2021-03-26,2021-03-30,4,On-Time,1187.0,1187.0,1.0,-17.35,1
447,100,2021-01-10,2021-01-23,13,On-Time,1308.0,1308.0,1.5,-17.35,1
448,185,2021-08-20,2021-08-31,11,On-Time,600.0,600.0,1.0,-17.35,1
449,163,2021-10-23,2021-11-09,17,Late,724.0,724.0,1.5,-17.35,0
450,648,2021-04-30,2021-05-05,5,On-Time,1234.0,1234.0,1.0,-17.35,0
451,566,2021-08-25,2021-09-06,12,On-Time,612.0,612.0,1.0,-17.35,0
452,123,2021-10-09,2021-10-22,13,On-Time,189.0,189.0,1.0,-17.35,0
453,371,2021-08-13,2021-08-22,9,On-Time,224.0,224.0,2.0,-17.35,0
454,441,2021-03-29,2021-04-12,14,On-Time,850.0,850.0,2.0,-17.35,1
455,1,2021-04-04,2021-04-06,2,On-Time,500.0,500.0,1.0,-17.35,1
456,450,2021-06-28,2021-07-20,22,Late,480.0,480.0,1.0,-17.35,1
457,490,2021-03-04,2021-03-12,8,On-Time,1360.0,1360.0,1.0,-17.35,1
458,757,2021-10-21,2021-11-10,20,Late,1527.0,1527.0,1.5,-17.35,0
459,853,2021-06-18,2021-07-06,18,Late,868.0,868.0,1.0,-17.35,1
460,250,2021-06-07,2021-06-17,10,On-Time,525.0,525.0,1.0,-17.35,1
461,244,2021-02-14,2021-02-19,5,On-Time,1188.0,1188.0,1.5,-17.35,1
462,769,2021-01-31,2021-02-20,20,Late,1255.0,1255.0,1.0,-17.35,1
463,641,2021-03-16,2021-04-09,24,Late,1366.0,1366.0,1.0,-17.35,1
464,103,2021-06-29,2021-07-25,26,Late,1733.0,1733.0,1.0,-17.35,1
465,7,2021-05-21,2021-05-23,2,On-Time,1017.0,1017.0,1.0,-17.35,1
466,628,2021-06-10,2021-07-05,25,Late,674.0,674.0,1.0,-17.35,1
467,102,2021-02-24,2021-03-10,14,On-Time,1057.0,1057.0,1.0,-17.35,1
468,238,2021-04-15,2021-04-17,2,On-Time,925.0,925.0,1.0,-17.35,1
469,907,2021-04-27,2021-05-04,7,On-Time,210.0,210.0,1.0,-17.35,1
470,810,2021-09-11,2021-10-04,23,Late,518.0,518.0,1.0,-17.35,0
471,282,2021-07-08,2021-07-10,2,On-Time,1081.0,1081.0,1.0,-17.35,1
472,85,2021-07-15,2021-07-29,14,On-Time,1664.0,1664.0,1.0,-17.35,1
473,61,2021-05-19,2021-06-12,24,Late,236.0,236.0,1.0,-17.35,1
474,571,2021-08-19,2021-09-09,21,Late,1412.0,1412.0,1.2,-17.35,1
475,696,2021-05-27,2021-06-01,5,On-Time,1329.0,1329.0,1.0,-17.35,1
476,757,2021-10-07,2021-11-02,26,Late,1344.0,1344.0,1.5,-17.35,0
477,97,2021-06-20,2021-06-26,6,On-Time,842.0,842.0,2.0,-17.35,1
478,452,2021-10-15,2021-10-23,8,On-Time,1450.0,1450.0,1.0,-17.35,0
479,51,2021-06-27,2021-07-16,19,Late,1030.0,1030.0,1.0,-17.35,1
480,180,2021-07-15,2021-08-05,21,Late,801.0,801.0,1.0,-17.35,1
481,227,2021-08-20,2021-09-12,23,Late,1765.0,1765.0,1.0,-17.35,1
482,111,2021-08-03,2021-08-09,6,On-Time,917.0,917.0,1.0,-17.35,1
483,742,2021-03-15,2021-03-20,5,On-Time,1015.0,1015.0,1.0,-17.35,0
484,926,2021-05-05,2021-05-31,26,Late,318.0,318.0,1.5,-17.35,1
485,969,2021-01-08,2021-01-28,20,Late,186.0,186.0,1.0,-17.35,1
486,643,2021-04-27,2021-05-08,11,On-Time,754.0,754.0,1.5,-17.35,1
487,926,2021-01-09,2021-02-05,27,Late,1203.0,1203.0,1.5,-17.35,1
488,638,2021-10-01,2021-10-26,25,Late,1101.0,1101.0,1.0,-17.35,0
489,77,2021-08-30,2021-09-21,22,Late,1201.0,1201.0,1.0,-17.35,0
490,816,2021-09-15,2021-09-29,14,On-Time,675.0,675.0,1.0,-17.35,0
491,783,2021-02-24,2021-03-18,22,Late,970.0,970.0,1.0,-17.35,0
492,568,2021-07-24,2021-08-07,14,On-Time,1443.0,1443.0,1.0,-17.35,0
493,895,2021-04-24,2021-05-03,9,On-Time,1437.0,1437.0,1.0,-17.35,1
494,740,2021-07-31,2021-08-15,15,Late,2268.0,2268.0,1.5,-17.35,1
495,352,2021-08-10,2021-08-19,9,On-Time,578.0,578.0,1.0,-17.35,1
496,574,2021-06-17,2021-06-27,10,On-Time,1328.0,1328.0,1.0,-17.35,0
497,900,2021-07-07,2021-07-09,2,On-Time,424.0,424.0,1.0,-17.35,1
498,647,2021-07-15,2021-07-23,8,On-Time,607.0,607.0,1.0,-17.35,1
499,690,2021-10-24,2021-10-26,2,On-Time,1952.0,1952.0,1.0,-17.35,0
500,571,2021-01-15,2021-01-24,9,On-Time,1134.0,1134.0,1.2,-17.35,1
501,706,2021-02-16,2021-02-25,9,On-Time,1375.0,1375.0,1.0,-17.35,1
502,485,2021-02-18,2021-03-07,17,Late,1807.0,1807.0,1.0,-17.35,0
503,937,2021-08-19,2021-09-05,17,Late,1257.0,1257.0,1.0,-17.35,1
504,192,2021-01-13,2021-02-08,26,Late,1493.0,1493.0,1.0,-17.35,1
505,737,2021-08-17,2021-08-27,10,On-Time,1383.0,1383.0,1.0,-17.35,1
506,648,2021-09-11,2021-09-27,16,Late,1145.0,1145.0,1.0,-17.35,0
507,58,2021-06-20,2021-07-11,21,Late,862.0,862.0,1.0,-17.35,0
508,834,2021-07-17,2021-08-01,15,Late,1504.0,1504.0,1.0,-17.35,1
509,676,2021-01-02,2021-01-25,23,Late,1289.0,1289.0,1.0,-17.35,1
510,125,2021-09-29,2021-10-01,2,On-Time,1612.0,1612.0,1.0,-17.35,0
511,282,2021-08-22,2021-09-12,21,Late,1929.0,1929.0,1.0,-17.35,1
512,223,2021-10-13,2021-11-05,23,Late,551.0,551.0,1.0,-17.35,0
513,950,2021-05-24,2021-06-04,11,On-Time,319.0,319.0,1.0,-17.35,1
514,740,2021-07-12,2021-07-22,10,On-Time,435.0,435.0,1.5,-17.35,1
515,23,2021-05-23,2021-06-13,21,Late,1268.0,1268.0,1.0,-17.35,1
516,506,2021-05-21,2021-05-26,5,On-Time,885.0,885.0,1.0,-17.35,1
517,797,2021-06-23,2021-06-30,7,On-Time,2298.0,2298.0,1.0,-17.35,1
518,196,2021-06-03,2021-06-18,15,Late,1110.0,1110.0,1.0,-17.35,1
519,244,2021-08-23,2021-09-12,20,Late,1597.0,1597.0,1.5,-17.35,1
520,679,2021-02-04,2021-03-01,25,Late,1914.0,1914.0,1.0,-17.35,0
521,382,2021-03-17,2021-03-31,14,On-Time,1713.0,1713.0,1.0,-17.35,1
522,761,2021-03-19,2021-04-05,17,Late,751.0,751.0,1.0,-17.35,1
523,516,2021-04-25,2021-05-18,23,Late,1625.0,1625.0,1.0,-17.35,1
524,60,2021-07-21,2021-08-01,11,On-Time,725.0,725.0,1.0,-17.35,1
525,986,2021-09-25,2021-10-20,25,Late,1752.0,1752.0,1.0,-17.35,0
526,55,2021-05-16,2021-05-22,6,On-Time,1382.0,1382.0,1.0,-17.35,1
527,79,2021-09-13,2021-10-09,26,Late,1419.0,1419.0,1.0,-17.35,0
528,343,2021-09-16,2021-10-07,21,Late,1159.0,1159.0,1.0,-17.35,0
529,767,2021-01-10,2021-01-19,9,On-Time,708.0,708.0,1.0,-17.35,0
530,467,2021-01-07,2021-01-23,16,Late,2450.0,2450.0,1.0,-17.35,1
531,742,2021-01-14,2021-02-08,25,Late,991.0,991.0,1.0,-17.35,0
532,523,2021-09-08,2021-09-20,12,On-Time,641.0,641.0,1.0,-17.35,0
533,558,2021-06-04,2021-06-09,5,On-Time,649.0,649.0,1.0,-17.35,0
534,49,2021-09-23,2021-09-26,3,On-Time,285.0,285.0,1.0,-17.35,0
535,585,2021-01-25,2021-02-07,13,On-Time,1244.0,1244.0,1.0,-17.35,1
536,927,2021-02-05,2021-02-21,16,Late,,,2.0,-17.35,1
537,203,2021-02-14,2021-03-13,27,Late,942.0,942.0,1.0,-17.35,1
538,754,2021-01-04,2021-01-26,22,Late,1241.0,1241.0,1.0,-17.35,0
539,609,2021-01-03,2021-01-25,22,Late,1318.0,1318.0,1.0,-17.35,1
540,772,2021-03-21,2021-03-30,9,On-Time,1251.0,1251.0,1.0,-17.35,1
541,490,2021-08-20,2021-08-22,2,On-Time,790.0,790.0,1.0,-17.35,1
542,282,2021-02-10,2021-02-14,4,On-Time,1420.0,1420.0,1.0,-17.35,1
543,769,2021-07-28,2021-08-09,12,On-Time,1166.0,1166.0,1.0,-17.35,1
544,347,2021-03-05,2021-03-14,9,On-Time,1527.0,1527.0,1.0,-17.35,1
545,439,2021-06-21,2021-07-02,11,On-Time,2300.0,2300.0,1.3333333333333333,-17.35,1
546,664,2021-04-29,2021-05-19,20,Late,885.0,885.0,1.0,-17.35,0
547,163,2021-10-19,2021-10-30,11,On-Time,2161.0,2161.0,1.5,-17.35,0
548,135,2021-07-17,2021-07-26,9,On-Time,507.0,507.0,1.0,-17.35,0
549,401,2021-06-02,2021-06-09,7,On-Time,315.0,315.0,1.0,-17.35,0
550,26,2021-08-04,2021-08-09,5,On-Time,1347.0,1347.0,1.0,-17.35,1
551,330,2021-09-16,2021-09-18,2,On-Time,345.0,345.0,1.0,-17.35,0
552,264,2021-01-10,2021-01-17,7,On-Time,1654.0,1654.0,1.0,-17.35,1
553,49,2021-03-06,2021-03-14,8,On-Time,816.0,816.0,1.0,-17.35,0
554,842,2021-05-07,2021-05-26,19,Late,532.0,532.0,1.0,-17.35,1
555,922,2021-09-03,2021-09-09,6,On-Time,984.0,984.0,1.0,-17.35,0
556,566,2021-07-30,2021-08-01,2,On-Time,1355.0,1355.0,1.0,-17.35,0
557,504,2021-04-19,2021-04-24,5,On-Time,1554.0,1554.0,1.0,-17.35,1
558,729,2021-03-02,2021-03-18,16,Late,1179.0,1179.0,1.5,-17.35,0
559,611,2021-03-03,2021-03-15,12,On-Time,1547.0,1547.0,1.0,-17.35,1
560,11,2021-05-28,2021-06-05,8,On-Time,382.0,382.0,1.0,-17.35,1
561,764,2021-02-15,2021-03-13,26,Late,712.0,712.0,1.0,-17.35,0
562,632,2021-09-19,2021-10-03,14,On-Time,1364.0,1364.0,1.0,-17.35,0
563,611,2021-07-04,2021-07-16,12,On-Time,1265.0,1265.0,1.0,-17.35,1
564,583,2021-08-23,2021-09-19,27,Late,645.0,645.0,1.0,-17.35,1
565,442,2021-02-25,2021-03-15,18,Late,690.0,690.0,1.0,-17.35,1
566,614,2021-07-24,2021-08-10,17,Late,792.0,792.0,1.5,-17.35,1
567,104,2021-06-21,2021-06-23,2,On-Time,819.0,819.0,1.0,-17.35,1
568,783,2021-01-09,2021-01-22,13,On-Time,876.0,876.0,1.0,-17.35,0
569,757,2021-03-16,2021-04-06,21,Late,955.0,955.0,1.5,-17.35,0
570,81,2021-03-09,2021-03-14,5,On-Time,1588.0,1588.0,1.0,-17.35,1
571,472,2021-02-02,2021-02-10,8,On-Time,1483.0,1483.0,1.0,-17.35,1
572,479,2021-01-01,2021-01-06,5,On-Time,1081.0,1081.0,1.0,-17.35,1
573,736,2021-01-02,2021-01-09,7,On-Time,625.0,625.0,1.0,-17.35,1
574,434,2021-06-21,2021-07-03,12,On-Time,533.0,533.0,1.0,-17.35,1
575,54,2021-08-14,2021-08-16,2,On-Time,841.0,841.0,1.0,-17.35,1
576,218,2021-04-26,2021-05-05,9,On-Time,1069.0,1069.0,1.0,-17.35,1
577,840,2021-02-20,2021-03-12,20,Late,1755.0,1755.0,1.0,-17.35,1
578,926,2021-05-09,2021-05-12,3,On-Time,1768.0,1768.0,1.5,-17.35,1
579,501,2021-03-28,2021-04-20,23,Late,846.0,846.0,1.0,-17.35,0
580,171,2021-04-30,2021-05-09,9,On-Time,697.0,697.0,1.0,-17.35,1
581,708,2021-05-09,2021-05-29,20,Late,726.0,726.0,1.0,-17.35,1
582,783,2021-09-03,2021-09-18,15,Late,1175.0,1175.0,1.0,-17.35,0
583,290,2021-04-07,2021-04-10,3,On-Time,2144.0,2144.0,1.0,-17.35,1
584,142,2021-06-29,2021-07-01,2,On-Time,714.0,714.0,1.0,-17.35,1
585,844,2021-03-20,2021-03-23,3,On-Time,1103.0,1103.0,1.0,-17.35,1
586,998,2021-02-27,2021-03-22,23,Late,1822.0,1822.0,1.0,-17.35,1
587,402,2021-09-08,2021-09-11,3,On-Time,1204.0,1204.0,1.0,-17.35,0
588,612,2021-05-26,2021-06-20,25,Late,820.0,820.0,1.0,-17.35,1
589,692,2021-06-25,2021-07-20,25,Late,1888.0,1888.0,1.0,-17.35,1
590,898,2021-07-06,2021-07-15,9,On-Time,685.0,685.0,1.0,-17.35,0
591,588,2021-06-18,2021-07-06,18,Late,336.0,336.0,1.0,-17.35,1
592,973,2021-06-29,2021-07-07,8,On-Time,2116.0,2116.0,1.0,-17.35,1
593,515,2021-02-21,2021-03-11,18,Late,1154.0,1154.0,1.3333333333333333,-17.35,0
594,711,2021-06-14,2021-06-23,9,On-Time,981.0,981.0,1.0,-17.35,1
595,10,2021-03-09,2021-03-29,20,Late,270.0,270.0,1.0,-17.35,1
596,693,2021-06-13,2021-06-27,14,On-Time,301.0,301.0,1.0,-17.35,0
597,107,2021-08-04,2021-08-16,12,On-Time,180.0,180.0,1.3333333333333333,-17.35,0
598,638,2021-06-20,2021-07-05,15,Late,,,1.0,-17.35,0
599,308,2021-09-23,2021-10-17,24,Late,965.0,965.0,1.0,-17.35,0
600,921,2021-09-15,2021-09-16,1,On-Time,624.0,624.0,1.0,-17.35,0
601,916,2021-06-13,2021-06-28,15,Late,1152.0,1152.0,1.0,-17.35,1
602,987,2021-02-14,2021-03-07,21,Late,415.0,415.0,1.0,-17.35,1
603,549,2021-08-30,2021-09-04,5,On-Time,198.0,198.0,1.0,-17.35,0
604,492,2021-07-20,2021-08-13,24,Late,1032.0,1032.0,1.0,-17.35,1
605,402,2021-08-20,2021-09-06,17,Late,800.0,800.0,1.0,-17.35,0
606,692,2021-01-31,2021-02-08,8,On-Time,1149.0,1149.0,1.0,-17.35,1
607,648,2021-10-19,2021-11-12,24,Late,1106.0,1106.0,1.0,-17.35,0
608,530,2021-08-13,2021-08-15,2,On-Time,585.0,585.0,1.0,-17.35,0
609,25,2021-04-22,2021-05-08,16,Late,1253.0,1253.0,1.0,-17.35,1
610,735,2021-08-04,2021-08-31,27,Late,851.0,851.0,1.0,-17.35,1
611,155,2021-05-01,2021-05-25,24,Late,939.0,939.0,1.0,-17.35,1
612,486,2021-05-10,2021-05-12,2,On-Time,724.0,724.0,1.0,-17.35,1
613,682,2021-05-23,2021-06-07,15,Late,1226.0,1226.0,1.0,-17.35,1
614,732,2021-04-18,2021-05-03,15,Late,1152.0,1152.0,2.0,-17.35,0
615,690,2021-01-31,2021-02-10,10,On-Time,1213.0,1213.0,1.0,-17.35,0
616,21,2021-05-13,2021-05-14,1,On-Time,869.0,869.0,1.5,-17.35,1
617,371,2021-08-30,2021-09-07,8,On-Time,1063.0,1063.0,2.0,-17.35,0
618,882,2021-08-01,2021-08-26,25,Late,,,1.3333333333333333,-17.35,0
619,225,2021-02-25,2021-03-04,7,On-Time,473.0,473.0,1.0,-17.35,0
620,614,2021-07-19,2021-08-01,13,On-Time,1060.0,1060.0,1.5,-17.35,1
621,102,2021-07-16,2021-08-07,22,Late,640.0,640.0,1.0,-17.35,1
622,587,2021-05-16,2021-06-07,22,Late,980.0,980.0,1.0,-17.35,1
623,808,2021-10-20,2021-10-30,10,On-Time,390.0,390.0,1.0,-17.35,0
624,398,2021-03-19,2021-04-08,20,Late,1764.0,1764.0,1.0,-17.35,1
625,233,2021-07-17,2021-07-28,11,On-Time,632.0,632.0,1.0,-17.35,1
626,348,2021-09-30,2021-10-17,17,Late,684.0,684.0,1.25,-17.35,0
627,680,2021-04-03,2021-04-08,5,On-Time,304.0,304.0,1.5,-17.35,1
628,534,2021-09-08,2021-09-28,20,Late,1680.0,1680.0,1.0,-17.35,0
629,904,2021-08-07,2021-08-20,13,On-Time,1014.0,1014.0,1.0,-17.35,1
630,644,2021-01-12,2021-01-31,19,Late,1266.0,1266.0,1.0,-17.35,0
631,460,2021-04-14,2021-05-08,24,Late,797.0,797.0,1.0,-17.35,1
632,952,2021-04-11,2021-04-17,6,On-Time,1018.0,1018.0,1.0,-17.35,1
633,183,2021-07-02,2021-07-13,11,On-Time,1431.0,1431.0,1.5,-17.35,1
634,327,2021-10-13,2021-10-23,10,On-Time,2088.0,2088.0,1.0,-17.35,0
635,50,2021-07-15,2021-08-05,21,Late,1089.0,1089.0,1.0,-17.35,1
636,793,2021-04-02,2021-04-07,5,On-Time,668.0,668.0,2.0,-17.35,1
637,886,2021-08-06,2021-08-18,12,On-Time,806.0,806.0,1.0,-17.35,1
638,548,2021-10-03,2021-10-17,14,On-Time,1605.0,1605.0,1.0,-17.35,0
639,906,2021-03-30,2021-04-22,23,Late,876.0,876.0,1.0,-17.35,1
640,873,2021-01-23,2021-01-26,3,On-Time,106.0,106.0,1.0,-17.35,1
641,20,2021-03-10,2021-03-22,12,On-Time,819.0,819.0,1.0,-17.35,0
642,835,2021-01-11,2021-01-26,15,Late,1781.0,1781.0,2.0,-17.35,1
643,778,2021-05-18,2021-05-24,6,On-Time,1782.0,1782.0,1.0,-17.35,0
644,207,2021-03-13,2021-03-22,9,On-Time,970.0,970.0,1.0,-17.35,0
645,794,2021-08-19,2021-09-13,25,Late,1670.0,1670.0,1.0,-17.35,1
646,369,2021-05-08,2021-05-28,20,Late,737.0,737.0,1.0,-17.35,1
647,439,2021-02-06,2021-02-11,5,On-Time,823.0,823.0,1.3333333333333333,-17.35,1
648,522,2021-07-16,2021-07-19,3,On-Time,990.0,990.0,1.0,-17.35,1
649,840,2021-07-28,2021-08-16,19,Late,1159.0,1159.0,1.0,-17.35,1
650,739,2021-01-02,2021-01-15,13,On-Time,1132.0,1132.0,1.0,-17.35,1
651,581,2021-05-22,2021-05-25,3,On-Time,1688.0,1688.0,1.0,-17.35,1
652,691,2021-03-09,2021-03-27,18,Late,724.0,724.0,1.0,-17.35,0
653,629,2021-02-19,2021-03-18,27,Late,1380.0,1380.0,1.0,-17.35,0
654,417,2021-08-18,2021-08-30,12,On-Time,585.0,585.0,1.0,-17.35,1
655,333,2021-05-25,2021-06-06,12,On-Time,960.0,960.0,1.0,-17.35,1
656,907,2021-03-22,2021-03-23,1,On-Time,627.0,627.0,1.0,-17.35,1
657,479,2021-07-22,2021-07-28,6,On-Time,529.0,529.0,1.0,-17.35,1
658,201,2021-05-23,2021-06-05,13,On-Time,1520.0,1520.0,1.0,-17.35,0
659,328,2021-09-30,2021-10-15,15,Late,576.0,576.0,1.0,-17.35,0
660,787,2021-08-16,2021-08-25,9,On-Time,797.0,797.0,1.0,-17.35,1
661,427,2021-09-14,2021-09-17,3,On-Time,1196.0,1196.0,1.5,-17.35,0
662,924,2021-09-19,2021-09-29,10,On-Time,1287.0,1287.0,1.0,-17.35,0
663,836,2021-04-09,2021-04-10,1,On-Time,603.0,603.0,1.0,-17.35,1
664,21,2021-01-07,2021-01-20,13,On-Time,222.0,222.0,1.5,-17.35,1
665,176,2021-03-10,2021-03-26,16,Late,412.0,412.0,1.0,-17.35,1
666,456,2021-08-25,2021-09-11,17,Late,1030.0,1030.0,1.0,-17.35,1
667,737,2021-03-23,2021-03-28,5,On-Time,1316.0,1316.0,1.0,-17.35,1
668,22,2021-03-15,2021-03-30,15,Late,2539.0,2539.0,1.0,-17.35,1
669,247,2021-06-18,2021-07-02,14,On-Time,421.0,421.0,1.0,-17.35,1
670,1,2021-03-06,2021-04-01,26,Late,749.0,749.0,1.0,-17.35,1
671,156,2021-06-22,2021-07-08,16,Late,1290.0,1290.0,2.0,-17.35,1
672,677,2021-02-12,2021-02-25,13,On-Time,1452.0,1452.0,1.0,-17.35,1
673,326,2021-02-05,2021-02-19,14,On-Time,1448.0,1448.0,1.0,-17.35,1
674,300,2021-01-29,2021-02-05,7,On-Time,1431.0,1431.0,1.0,-17.35,1
675,896,2021-06-05,2021-06-13,8,On-Time,1708.0,1708.0,1.0,-17.35,1
676,889,2021-09-24,2021-10-11,17,Late,912.0,912.0,1.0,-17.35,0
677,267,2021-07-05,2021-07-08,3,On-Time,1502.0,1502.0,1.0,-17.35,1
678,711,2021-04-28,2021-05-14,16,Late,605.0,605.0,1.0,-17.35,1
679,308,2021-03-05,2021-03-22,17,Late,858.0,858.0,1.0,-17.35,0
680,800,2021-05-04,2021-05-22,18,Late,511.0,511.0,1.0,-17.35,0
681,463,2021-10-10,2021-10-19,9,On-Time,859.0,859.0,1.0,-17.35,0
682,454,2021-02-28,2021-03-18,18,Late,1024.0,1024.0,1.0,-17.35,0
683,276,2021-01-01,2021-01-05,4,On-Time,1163.0,1163.0,1.0,-17.35,1
684,956,2021-10-12,2021-10-17,5,On-Time,353.0,353.0,1.0,-17.35,0
685,851,2021-08-06,2021-08-21,15,Late,383.0,383.0,1.0,-17.35,1
686,799,2021-06-14,2021-06-15,1,On-Time,708.0,708.0,1.0,-17.35,0
687,341,2021-03-30,2021-04-12,13,On-Time,1162.0,1162.0,1.0,-17.35,1
688,574,2021-03-08,2021-03-29,21,Late,963.0,963.0,1.0,-17.35,0
689,884,2021-10-03,2021-10-28,25,Late,1299.0,1299.0,1.0,-17.35,0
690,941,2021-10-05,2021-10-26,21,Late,815.0,815.0,1.0,-17.35,0
691,78,2021-04-03,2021-04-19,16,Late,997.0,997.0,1.0,-17.35,1
692,697,2021-06-18,2021-07-05,17,Late,740.0,740.0,1.0,-17.35,1
693,714,2021-04-29,2021-05-16,17,Late,1587.0,1587.0,1.0,-17.35,1
694,634,2021-04-17,2021-05-11,24,Late,1755.0,1755.0,1.0,-17.35,1
695,92,2021-07-01,2021-07-20,19,Late,857.0,857.0,1.0,-17.35,1
696,230,2021-09-01,2021-09-27,26,Late,873.0,873.0,1.0,-17.35,0
697,830,2021-07-20,2021-07-28,8,On-Time,1229.0,1229.0,1.0,-17.35,0
698,821,2021-05-19,2021-06-13,25,Late,1683.0,1683.0,1.0,-17.35,1
699,311,2021-01-29,2021-02-12,14,On-Time,1815.0,1815.0,1.0,-17.35,1
700,788,2021-07-01,2021-07-26,25,Late,1311.0,1311.0,1.0,-17.35,1
701,659,2021-08-28,2021-09-10,13,On-Time,847.0,847.0,1.0,-17.35,0
702,310,2021-06-23,2021-07-14,21,Late,1534.0,1534.0,1.0,-17.35,1
703,327,2021-02-07,2021-02-28,21,Late,763.0,763.0,1.0,-17.35,0
704,260,2021-07-21,2021-07-27,6,On-Time,941.0,941.0,2.0,-17.35,1
705,107,2021-01-14,2021-01-25,11,On-Time,2495.0,2495.0,1.3333333333333333,-17.35,0
706,844,2021-07-20,2021-07-21,1,On-Time,685.0,685.0,1.0,-17.35,1
707,589,2021-05-12,2021-05-18,6,On-Time,1866.0,1866.0,1.0,-17.35,0
708,687,2021-10-24,2021-11-10,17,Late,1122.0,1122.0,1.0,-17.35,0
709,772,2021-06-17,2021-07-13,26,Late,924.0,924.0,1.0,-17.35,1
710,134,2021-02-07,2021-02-08,1,On-Time,605.0,605.0,1.0,-17.35,1
711,228,2021-06-22,2021-07-08,16,Late,1018.0,1018.0,1.0,-17.35,1
712,474,2021-08-18,2021-08-29,11,On-Time,1529.0,1529.0,1.0,-17.35,1
713,241,2021-07-14,2021-08-09,26,Late,1043.0,1043.0,1.0,-17.35,1
714,50,2021-02-07,2021-02-19,12,On-Time,1475.0,1475.0,1.0,-17.35,1
715,225,2021-10-19,2021-11-12,24,Late,1414.0,1414.0,1.0,-17.35,0
716,502,2021-07-31,2021-08-26,26,Late,1401.0,1401.0,1.0,-17.35,1
717,696,2021-03-11,2021-04-05,25,Late,1096.0,1096.0,1.0,-17.35,1
718,665,2021-05-13,2021-05-20,7,On-Time,2082.0,2082.0,1.0,-17.35,1
719,387,2021-09-19,2021-09-24,5,On-Time,1823.0,1823.0,1.0,-17.35,0
720,465,2021-03-12,2021-03-23,11,On-Time,944.0,944.0,1.0,-17.35,1
721,755,2021-08-28,2021-09-04,7,On-Time,1178.0,1178.0,1.0,-17.35,0
722,401,2021-10-24,2021-11-20,27,Late,941.0,941.0,1.0,-17.35,0
723,135,2021-10-03,2021-10-16,13,On-Time,1030.0,1030.0,1.0,-17.35,0
724,394,2021-03-04,2021-03-28,24,Late,1691.0,1691.0,1.0,-17.35,1
725,674,2021-09-26,2021-10-05,9,On-Time,808.0,808.0,1.0,-17.35,0
726,447,2021-09-15,2021-10-05,20,Late,408.0,408.0,1.0,-17.35,0
727,852,2021-05-01,2021-05-18,17,Late,273.0,273.0,1.5,-17.35,1
728,526,2021-08-29,2021-08-30,1,On-Time,1035.0,1035.0,3.0,-17.35,0
729,1,2021-02-18,2021-03-01,11,On-Time,392.0,392.0,1.0,-17.35,1
730,88,2021-06-20,2021-07-10,20,Late,1356.0,1356.0,1.0,-17.35,1
731,214,2021-06-21,2021-07-02,11,On-Time,621.0,621.0,1.0,-17.35,1
732,40,2021-05-09,2021-05-29,20,Late,571.0,571.0,1.0,-17.35,1
733,387,2021-05-26,2021-06-22,27,Late,932.0,932.0,1.0,-17.35,0
734,623,2021-01-25,2021-01-31,6,On-Time,2455.0,2455.0,1.0,-17.35,0
735,754,2021-10-03,2021-10-16,13,On-Time,1303.0,1303.0,1.0,-17.35,0
736,793,2021-04-10,2021-05-03,23,Late,1285.0,1285.0,2.0,-17.35,1
737,453,2021-05-26,2021-05-30,4,On-Time,1733.0,1733.0,1.0,-17.35,1
738,144,2021-07-16,2021-08-09,24,Late,998.0,998.0,1.0,-17.35,1
739,211,2021-09-14,2021-09-23,9,On-Time,688.0,688.0,1.0,-17.35,0
740,178,2021-02-05,2021-02-10,5,On-Time,1079.0,1079.0,1.0,-17.35,1
741,710,2021-02-03,2021-02-17,14,On-Time,369.0,369.0,1.0,-17.35,1
742,750,2021-10-21,2021-11-01,11,On-Time,1152.0,1152.0,1.0,-17.35,0
743,909,2021-03-25,2021-03-27,2,On-Time,912.0,912.0,1.0,-17.35,1
744,107,2021-01-25,2021-02-14,20,Late,1120.0,1120.0,1.3333333333333333,-17.35,0
745,643,2021-03-21,2021-04-01,11,On-Time,2010.0,2010.0,1.5,-17.35,1
746,445,2021-06-19,2021-06-27,8,On-Time,1462.0,1462.0,1.0,-17.35,1
747,299,2021-05-11,2021-05-28,17,Late,656.0,656.0,1.0,-17.35,1
748,27,2021-05-16,2021-06-06,21,Late,1265.0,1265.0,1.0,-17.35,1
749,693,2021-09-20,2021-09-24,4,On-Time,1158.0,1158.0,1.0,-17.35,0
750,758,2021-02-19,2021-03-01,10,On-Time,1891.0,1891.0,1.0,-17.35,0
751,254,2021-06-20,2021-07-06,16,Late,1347.0,1347.0,1.0,-17.35,1
752,535,2021-10-08,2021-10-12,4,On-Time,1073.0,1073.0,1.0,-17.35,0
753,40,2021-02-20,2021-02-28,8,On-Time,546.0,546.0,1.0,-17.35,1
754,778,2021-06-30,2021-07-23,23,Late,1347.0,1347.0,1.0,-17.35,0
755,123,2021-04-11,2021-05-06,25,Late,1450.0,1450.0,1.0,-17.35,0
756,318,2021-03-19,2021-03-29,10,On-Time,343.0,343.0,1.0,-17.35,1
757,632,2021-06-03,2021-06-15,12,On-Time,300.0,300.0,1.0,-17.35,0
758,781,2021-03-27,2021-04-21,25,Late,860.0,860.0,1.0,-17.35,1
759,857,2021-06-06,2021-07-03,27,Late,1068.0,1068.0,1.0,-17.35,1
760,207,2021-07-09,2021-07-11,2,On-Time,1098.0,1098.0,1.0,-17.35,0
761,198,2021-10-03,2021-10-25,22,Late,417.0,417.0,1.0,-17.35,0
762,83,2021-08-13,2021-08-20,7,On-Time,1240.0,1240.0,1.0,-17.35,1
763,974,2021-03-18,2021-04-05,18,Late,797.0,797.0,1.0,-17.35,1
764,955,2021-09-16,2021-10-04,18,Late,1685.0,1685.0,1.0,-17.35,0
765,660,2021-01-15,2021-02-01,17,Late,719.0,719.0,1.0,-17.35,1
766,929,2021-08-06,2021-08-15,9,On-Time,1229.0,1229.0,1.0,-17.35,1
767,169,2021-04-28,2021-04-30,2,On-Time,858.0,858.0,1.0,-17.35,1
768,558,2021-09-29,2021-10-16,17,Late,1355.0,1355.0,1.0,-17.35,0
769,422,2021-09-10,2021-10-04,24,Late,188.0,188.0,1.0,-17.35,0
770,868,2021-02-06,2021-02-28,22,Late,654.0,654.0,1.0,-17.35,1
771,970,2021-06-06,2021-06-18,12,On-Time,505.0,505.0,1.0,-17.35,1
772,573,2021-06-07,2021-06-27,20,Late,809.0,809.0,1.0,-17.35,1
773,998,2021-07-19,2021-08-07,19,Late,1005.0,1005.0,1.0,-17.35,1
774,416,2021-06-23,2021-07-13,20,Late,660.0,660.0,1.0,-17.35,0
775,348,2021-06-11,2021-07-05,24,Late,1055.0,1055.0,1.25,-17.35,0
776,265,2021-09-02,2021-09-27,25,Late,743.0,743.0,1.0,-17.35,0
777,431,2021-01-16,2021-02-09,24,Late,1855.0,1855.0,1.0,-17.35,1
778,42,2021-01-24,2021-02-07,14,On-Time,1099.0,1099.0,1.0,-17.35,1
779,698,2021-07-07,2021-07-21,14,On-Time,1772.0,1772.0,1.0,-17.35,1
780,100,2021-01-27,2021-01-29,2,On-Time,1051.0,1051.0,1.5,-17.35,1
781,465,2021-08-21,2021-09-11,21,Late,1076.0,1076.0,1.0,-17.35,1
782,872,2021-03-07,2021-03-23,16,Late,1085.0,1085.0,1.0,-17.35,1
783,683,2021-01-17,2021-01-19,2,On-Time,781.0,781.0,1.5,-17.35,1
784,436,2021-03-14,2021-04-04,21,Late,1080.0,1080.0,1.0,-17.35,1
785,445,2021-03-22,2021-04-02,11,On-Time,1693.0,1693.0,1.0,-17.35,1
786,472,2021-05-02,2021-05-08,6,On-Time,1380.0,1380.0,1.0,-17.35,1
787,44,2021-07-18,2021-07-31,13,On-Time,1194.0,1194.0,1.0,-17.35,1
788,108,2021-10-08,2021-10-13,5,On-Time,1215.0,1215.0,1.0,-17.35,0
789,762,2021-10-11,2021-11-03,23,Late,736.0,736.0,1.0,-17.35,0
790,187,2021-05-16,2021-05-27,11,On-Time,1998.0,1998.0,1.0,-17.35,1
791,476,2021-05-05,2021-05-21,16,Late,1119.0,1119.0,1.0,-17.35,1
792,240,2021-07-16,2021-08-12,27,Late,1896.0,1896.0,1.0,-17.35,0
793,258,2021-01-27,2021-02-03,7,On-Time,1556.0,1556.0,1.0,-17.35,1
794,418,2021-04-18,2021-05-08,20,Late,1568.0,1568.0,1.0,-17.35,1
795,427,2021-06-07,2021-06-30,23,Late,522.0,522.0,1.5,-17.35,0
796,592,2021-07-31,2021-08-06,6,On-Time,295.0,295.0,1.0,-17.35,1
797,908,2021-07-25,2021-08-06,12,On-Time,1367.0,1367.0,1.0,-17.35,0
798,825,2021-03-17,2021-04-01,15,Late,881.0,881.0,1.0,-17.35,1
799,651,2021-03-11,2021-04-04,24,Late,937.0,937.0,1.0,-17.35,1
800,422,2021-06-21,2021-06-23,2,On-Time,989.0,989.0,1.0,-17.35,0
801,995,2021-08-02,2021-08-17,15,Late,2140.0,2140.0,1.0,-17.35,1
802,501,2021-10-05,2021-10-23,18,Late,238.0,238.0,1.0,-17.35,0
803,625,2021-04-03,2021-04-16,13,On-Time,950.0,950.0,1.0,-17.35,1
804,323,2021-04-10,2021-04-21,11,On-Time,1571.0,1571.0,1.0,-17.35,1
805,416,2021-10-02,2021-10-03,1,On-Time,1397.0,1397.0,1.0,-17.35,0
806,684,2021-08-01,2021-08-16,15,Late,456.0,456.0,1.0,-17.35,1
807,636,2021-02-17,2021-03-03,14,On-Time,572.0,572.0,1.0,-17.35,1
808,219,2021-10-13,2021-10-30,17,Late,921.0,921.0,1.0,-17.35,0
809,73,2021-02-11,2021-02-25,14,On-Time,876.0,876.0,1.0,-17.35,1
810,768,2021-03-22,2021-04-04,13,On-Time,2136.0,2136.0,1.0,-17.35,1
811,764,2021-10-22,2021-10-24,2,On-Time,616.0,616.0,1.0,-17.35,0
812,183,2021-07-09,2021-07-13,4,On-Time,805.0,805.0,1.5,-17.35,1
813,908,2021-08-11,2021-09-01,21,Late,2032.0,2032.0,1.0,-17.35,0
814,664,2021-03-04,2021-03-28,24,Late,1888.0,1888.0,1.0,-17.35,0
815,572,2021-05-02,2021-05-17,15,Late,1612.0,1612.0,1.0,-17.35,1
816,620,2021-02-02,2021-02-06,4,On-Time,982.0,982.0,1.0,-17.35,1
817,944,2021-06-27,2021-07-05,8,On-Time,810.0,810.0,1.0,-17.35,1
818,865,2021-03-15,2021-04-10,26,Late,400.0,400.0,1.0,-17.35,1
819,461,2021-01-19,2021-01-22,3,On-Time,890.0,890.0,1.5,-17.35,1
820,801,2021-09-25,2021-10-03,8,On-Time,1062.0,1062.0,1.0,-17.35,0
821,118,2021-01-03,2021-01-10,7,On-Time,788.0,788.0,1.0,-17.35,1
822,524,2021-09-05,2021-09-12,7,On-Time,726.0,726.0,1.0,-17.35,0
823,223,2021-04-29,2021-05-04,5,On-Time,,,1.0,-17.35,0
824,724,2021-01-04,2021-01-28,24,Late,592.0,592.0,1.0,-17.35,1
825,787,2021-01-27,2021-02-22,26,Late,1015.0,1015.0,1.0,-17.35,1
826,375,2021-08-16,2021-09-06,21,Late,294.0,294.0,1.0,-17.35,1
827,292,2021-05-09,2021-06-05,27,Late,1472.0,1472.0,2.0,-17.35,1
828,601,2021-01-09,2021-01-27,18,Late,859.0,859.0,1.0,-17.35,1
829,951,2021-04-06,2021-04-28,22,Late,840.0,840.0,1.0,-17.35,1
830,956,2021-03-22,2021-03-23,1,On-Time,1106.0,1106.0,1.0,-17.35,0
831,338,2021-08-04,2021-08-20,16,Late,980.0,980.0,1.0,-17.35,1
832,627,2021-09-06,2021-09-27,21,Late,95.0,95.0,1.0,-17.35,0
833,317,2021-03-03,2021-03-20,17,Late,1030.0,1030.0,1.0,-17.35,1
834,139,2021-02-23,2021-03-08,13,On-Time,923.0,923.0,1.0,-17.35,1
835,106,2021-01-02,2021-01-07,5,On-Time,1057.0,1057.0,1.0,-17.35,1
836,971,2021-08-18,2021-08-24,6,On-Time,506.0,506.0,1.5,-17.35,1
837,989,2021-01-12,2021-01-27,15,Late,1098.0,1098.0,1.0,-17.35,1
838,946,2021-01-02,2021-01-15,13,On-Time,636.0,636.0,1.0,-17.35,1
839,306,2021-09-16,2021-09-27,11,On-Time,2235.0,2235.0,1.0,-17.35,0
840,183,2021-06-30,2021-07-08,8,On-Time,1138.0,1138.0,1.5,-17.35,1
841,348,2021-06-29,2021-07-12,13,On-Time,1154.0,1154.0,1.25,-17.35,0
842,310,2021-01-10,2021-01-29,19,Late,855.0,855.0,1.0,-17.35,1
843,956,2021-07-03,2021-07-09,6,On-Time,1914.0,1914.0,1.0,-17.35,0
844,35,2021-09-26,2021-10-18,22,Late,1148.0,1148.0,1.0,-17.35,0
845,457,2021-04-25,2021-05-22,27,Late,1199.0,1199.0,1.0,-17.35,1
846,515,2021-09-17,2021-10-10,23,Late,226.0,226.0,1.3333333333333333,-17.35,0
847,566,2021-10-19,2021-11-04,16,Late,495.0,495.0,1.0,-17.35,0
848,813,2021-09-24,2021-10-14,20,Late,2236.0,2236.0,1.5,-17.35,0
849,882,2021-08-11,2021-09-01,21,Late,948.0,948.0,1.3333333333333333,-17.35,0
850,254,2021-04-08,2021-04-27,19,Late,1144.0,1144.0,1.0,-17.35,1
851,365,2021-04-23,2021-05-02,9,On-Time,755.0,755.0,1.0,-17.35,1
852,102,2021-04-11,2021-05-08,27,Late,1108.0,1108.0,1.0,-17.35,1
853,653,2021-09-27,2021-10-18,21,Late,1485.0,1485.0,1.0,-17.35,0
854,680,2021-08-10,2021-08-27,17,Late,312.0,312.0,1.5,-17.35,1
855,620,2021-01-26,2021-02-02,7,On-Time,1025.0,1025.0,1.0,-17.35,1
856,289,2021-01-13,2021-01-22,9,On-Time,1234.0,1234.0,1.0,-17.35,1
857,577,2021-09-01,2021-09-10,9,On-Time,1141.0,1141.0,1.0,-17.35,0
858,987,2021-03-16,2021-03-27,11,On-Time,1300.0,1300.0,1.0,-17.35,1
859,269,2021-03-26,2021-04-09,14,On-Time,697.0,697.0,1.0,-17.35,1
860,570,2021-04-09,2021-05-04,25,Late,790.0,790.0,1.0,-17.35,1
861,315,2021-05-31,2021-06-20,20,Late,741.0,741.0,1.0,-17.35,1
862,984,2021-10-11,2021-10-20,9,On-Time,575.0,575.0,1.0,-17.35,0
863,81,2021-05-10,2021-05-18,8,On-Time,920.0,920.0,1.0,-17.35,1
864,414,2021-03-29,2021-04-17,19,Late,530.0,530.0,2.0,-17.35,1
865,490,2021-07-27,2021-07-30,3,On-Time,270.0,270.0,1.0,-17.35,1
866,88,2021-04-11,2021-04-21,10,On-Time,721.0,721.0,1.0,-17.35,1
867,342,2021-03-23,2021-04-07,15,Late,715.0,715.0,1.0,-17.35,1
868,937,2021-03-31,2021-04-03,3,On-Time,507.0,507.0,1.0,-17.35,1
869,605,2021-09-25,2021-10-20,25,Late,1731.0,1731.0,2.0,-17.35,0
870,647,2021-08-01,2021-08-12,11,On-Time,1249.0,1249.0,1.0,-17.35,1
871,550,2021-09-24,2021-10-08,14,On-Time,390.0,390.0,1.0,-17.35,0
872,954,2021-09-26,2021-10-14,18,Late,1794.0,1794.0,1.0,-17.35,0
873,100,2021-04-25,2021-05-07,12,On-Time,673.0,673.0,1.5,-17.35,1
874,557,2021-03-25,2021-04-10,16,Late,1807.0,1807.0,1.0,-17.35,1
875,383,2021-02-26,2021-02-27,1,On-Time,674.0,674.0,1.0,-17.35,1
876,566,2021-05-20,2021-05-24,4,On-Time,1245.0,1245.0,1.0,-17.35,0
877,558,2021-07-14,2021-08-02,19,Late,708.0,708.0,1.0,-17.35,0
878,470,2021-03-31,2021-04-20,20,Late,443.0,443.0,1.0,-17.35,1
879,370,2021-10-11,2021-10-20,9,On-Time,364.0,364.0,1.0,-17.35,0
880,872,2021-02-19,2021-03-16,25,Late,1237.0,1237.0,1.0,-17.35,1
881,318,2021-02-18,2021-03-10,20,Late,1453.0,1453.0,1.0,-17.35,1
882,821,2021-07-05,2021-07-07,2,On-Time,1351.0,1351.0,1.0,-17.35,1
883,360,2021-02-27,2021-03-05,6,On-Time,1432.0,1432.0,1.0,-17.35,1
884,62,2021-08-16,2021-09-08,23,Late,2025.0,2025.0,1.0,-17.35,0
885,16,2021-10-18,2021-11-13,26,Late,1256.0,1256.0,1.0,-17.35,0
886,898,2021-09-22,2021-10-18,26,Late,1265.0,1265.0,1.0,-17.35,0
887,669,2021-01-27,2021-02-20,24,Late,857.0,857.0,1.0,-17.35,1
888,108,2021-04-20,2021-05-03,13,On-Time,238.0,238.0,1.0,-17.35,0
889,332,2021-07-31,2021-08-11,11,On-Time,200.0,200.0,1.0,-17.35,1
890,649,2021-06-21,2021-07-07,16,Late,2264.0,2264.0,1.0,-17.35,1
891,350,2021-08-12,2021-08-14,2,On-Time,1286.0,1286.0,1.0,-17.35,1
892,586,2021-04-09,2021-04-11,2,On-Time,212.0,212.0,1.0,-17.35,1
893,854,2021-03-06,2021-03-14,8,On-Time,1154.0,1154.0,1.0,-17.35,1
894,1000,2021-10-11,2021-10-13,2,On-Time,1483.0,1483.0,1.0,-17.35,0
895,664,2021-07-26,2021-08-15,20,Late,1143.0,1143.0,1.0,-17.35,0
896,446,2021-03-14,2021-03-31,17,Late,945.0,945.0,1.0,-17.35,1
897,278,2021-08-26,2021-09-17,22,Late,1826.0,1826.0,1.0,-17.35,0
898,465,2021-06-30,2021-07-04,4,On-Time,1379.0,1379.0,1.0,-17.35,1
899,408,2021-08-04,2021-08-14,10,On-Time,1085.0,1085.0,1.0,-17.35,1
900,409,2021-07-07,2021-07-24,17,Late,1335.0,1335.0,1.0,-17.35,1
901,305,2021-05-05,2021-05-06,1,On-Time,887.0,887.0,1.0,-17.35,1
902,553,2021-01-12,2021-01-15,3,On-Time,996.0,996.0,1.0,-17.35,0
903,789,2021-01-05,2021-01-21,16,Late,1117.0,1117.0,2.0,-17.35,1
904,980,2021-03-24,2021-04-07,14,On-Time,1257.0,1257.0,1.0,-17.35,0
905,439,2021-01-11,2021-01-23,12,On-Time,698.0,698.0,1.3333333333333333,-17.35,1
906,870,2021-01-21,2021-02-04,14,On-Time,863.0,863.0,1.0,-17.35,1
907,971,2021-08-15,2021-08-17,2,On-Time,380.0,380.0,1.5,-17.35,1
908,422,2021-03-15,2021-04-08,24,Late,2093.0,2093.0,1.0,-17.35,0
909,465,2021-07-18,2021-08-09,22,Late,1408.0,1408.0,1.0,-17.35,1
910,738,2021-01-27,2021-02-06,10,On-Time,1136.0,1136.0,1.0,-17.35,1
911,189,2021-08-23,2021-09-06,14,On-Time,499.0,499.0,1.0,-17.35,0
912,780,2021-08-23,2021-09-09,17,Late,279.0,279.0,1.0,-17.35,1
913,597,2021-04-03,2021-04-19,16,Late,427.0,427.0,1.0,-17.35,1
914,577,2021-05-09,2021-05-12,3,On-Time,506.0,506.0,1.0,-17.35,0
915,266,2021-04-17,2021-05-04,17,Late,1428.0,1428.0,1.0,-17.35,1
916,189,2021-10-12,2021-10-19,7,On-Time,295.0,295.0,1.0,-17.35,0
917,750,2021-01-02,2021-01-12,10,On-Time,109.0,109.0,1.0,-17.35,0
918,965,2021-03-07,2021-04-03,27,Late,524.0,524.0,1.0,-17.35,1
919,97,2021-06-29,2021-07-21,22,Late,96.0,96.0,2.0,-17.35,1
920,703,2021-07-26,2021-08-16,21,Late,1730.0,1730.0,1.0,-17.35,0
921,418,2021-02-17,2021-02-18,1,On-Time,690.0,690.0,1.0,-17.35,1
922,703,2021-10-10,2021-11-02,23,Late,497.0,497.0,1.0,-17.35,0
923,767,2021-07-05,2021-07-26,21,Late,1492.0,1492.0,1.0,-17.35,0
924,786,2021-04-04,2021-04-18,14,On-Time,519.0,519.0,1.0,-17.35,1
925,272,2021-07-16,2021-08-12,27,Late,927.0,927.0,1.0,-17.35,0
926,123,2021-02-08,2021-02-18,10,On-Time,1313.0,1313.0,1.0,-17.35,0
927,963,2021-08-02,2021-08-06,4,On-Time,1132.0,1132.0,1.0,-17.35,1
928,801,2021-10-14,2021-10-19,5,On-Time,953.0,953.0,1.0,-17.35,0
929,397,2021-01-31,2021-02-06,6,On-Time,748.0,748.0,1.0,-17.35,1
930,150,2021-06-22,2021-06-30,8,On-Time,721.0,721.0,1.0,-17.35,1
931,502,2021-06-04,2021-06-19,15,Late,292.0,292.0,1.0,-17.35,1
932,45,2021-08-22,2021-08-23,1,On-Time,399.0,399.0,1.0,-17.35,1
933,595,2021-04-28,2021-05-20,22,Late,1173.0,1173.0,1.0,-17.35,1
934,736,2021-04-03,2021-04-21,18,Late,1054.0,1054.0,1.0,-17.35,1
935,129,2021-07-01,2021-07-16,15,Late,1690.0,1690.0,1.0,-17.35,0
936,148,2021-07-16,2021-08-01,16,Late,2376.0,2376.0,1.0,-17.35,1
937,72,2021-06-04,2021-06-25,21,Late,569.0,569.0,1.0,-17.35,1
938,128,2021-06-12,2021-06-28,16,Late,1503.0,1503.0,1.0,-17.35,1
939,432,2021-04-02,2021-04-21,19,Late,1210.0,1210.0,1.0,-17.35,1
940,813,2021-09-11,2021-10-04,23,Late,2289.0,2289.0,1.5,-17.35,0
941,662,2021-09-30,2021-10-05,5,On-Time,621.0,621.0,1.0,-17.35,0
942,282,2021-06-09,2021-06-10,1,On-Time,869.0,869.0,1.0,-17.35,1
943,76,2021-02-22,2021-03-14,20,Late,529.0,529.0,1.0,-17.35,1
944,774,2021-07-17,2021-08-09,23,Late,234.0,234.0,1.0,-17.35,0
945,54,2021-07-04,2021-07-22,18,Late,1058.0,1058.0,1.0,-17.35,1
946,455,2021-04-20,2021-05-13,23,Late,400.0,400.0,1.0,-17.35,1
947,49,2021-06-24,2021-07-02,8,On-Time,291.0,291.0,1.0,-17.35,0
948,35,2021-08-24,2021-09-02,9,On-Time,492.0,492.0,1.0,-17.35,0
949,244,2021-02-02,2021-02-17,15,Late,1198.0,1198.0,1.5,-17.35,1
950,328,2021-10-16,2021-10-31,15,Late,858.0,858.0,1.0,-17.35,0
951,515,2021-09-30,2021-10-23,23,Late,833.0,833.0,1.3333333333333333,-17.35,0
952,883,2021-08-05,2021-08-25,20,Late,1372.0,1372.0,1.0,-17.35,1
953,733,2021-04-18,2021-04-26,8,On-Time,1781.0,1781.0,1.0,-17.35,1
954,370,2021-03-28,2021-04-15,18,Late,1801.0,1801.0,1.0,-17.35,0
955,209,2021-01-20,2021-02-05,16,Late,932.0,932.0,1.0,-17.35,1
956,549,2021-05-18,2021-06-07,20,Late,1271.0,1271.0,1.0,-17.35,0
957,740,2021-08-20,2021-08-30,10,On-Time,288.0,288.0,1.5,-17.35,1
958,577,2021-06-21,2021-07-01,10,On-Time,289.0,289.0,1.0,-17.35,0
959,565,2021-01-17,2021-02-10,24,Late,948.0,948.0,1.0,-17.35,1
960,362,2021-09-19,2021-10-07,18,Late,1338.0,1338.0,1.0,-17.35,0
961,717,2021-03-19,2021-04-15,27,Late,699.0,699.0,1.0,-17.35,1
962,657,2021-02-09,2021-02-18,9,On-Time,1633.0,1633.0,1.0,-17.35,1
963,108,2021-06-18,2021-07-14,26,Late,1378.0,1378.0,1.0,-17.35,0
964,367,2021-07-08,2021-07-16,8,On-Time,309.0,309.0,1.0,-17.35,0
965,69,2021-07-24,2021-07-29,5,On-Time,1234.0,1234.0,1.0,-17.35,1
966,639,2021-02-25,2021-03-10,13,On-Time,2550.0,2550.0,1.5,-17.35,1
967,306,2021-10-11,2021-11-07,27,Late,1096.0,1096.0,1.0,-17.35,0
968,765,2021-03-14,2021-04-03,20,Late,1667.0,1667.0,1.0,-17.35,1
969,639,2021-05-22,2021-05-25,3,On-Time,688.0,688.0,1.5,-17.35,1
970,382,2021-01-04,2021-01-23,19,Late,2390.0,2390.0,1.0,-17.35,1
971,272,2021-08-26,2021-09-12,17,Late,721.0,721.0,1.0,-17.35,0
972,117,2021-07-22,2021-08-08,17,Late,1824.0,1824.0,1.0,-17.35,1
973,232,2021-09-04,2021-09-24,20,Late,499.0,499.0,1.0,-17.35,0
974,221,2021-01-22,2021-02-18,27,Late,1282.0,1282.0,1.0,-17.35,1
975,316,2021-01-18,2021-01-30,12,On-Time,655.0,655.0,1.0,-17.35,1
976,778,2021-10-15,2021-11-04,20,Late,818.0,818.0,1.0,-17.35,0
977,463,2021-04-23,2021-05-06,13,On-Time,877.0,877.0,1.0,-17.35,0
978,827,2021-04-24,2021-05-18,24,Late,1181.0,1181.0,1.0,-17.35,1
979,813,2021-04-07,2021-04-21,14,On-Time,444.0,444.0,1.5,-17.35,0
980,84,2021-10-19,2021-11-14,26,Late,1450.0,1450.0,1.0,-17.35,0
981,830,2021-10-02,2021-10-12,10,On-Time,1420.0,1420.0,1.0,-17.35,0
982,123,2021-03-30,2021-04-07,8,On-Time,1024.0,1024.0,1.0,-17.35,0
983,677,2021-07-12,2021-07-14,2,On-Time,1217.0,1217.0,1.0,-17.35,1
984,359,2021-09-23,2021-09-30,7,On-Time,2074.0,2074.0,1.0,-17.35,0
985,581,2021-02-07,2021-02-09,2,On-Time,1093.0,1093.0,1.0,-17.35,1
986,116,2021-08-02,2021-08-15,13,On-Time,685.0,685.0,1.0,-17.35,1
987,247,2021-07-13,2021-08-09,27,Late,1137.0,1137.0,1.0,-17.35,1
988,496,2021-02-04,2021-02-16,12,On-Time,1203.0,1203.0,1.0,-17.35,1
989,595,2021-01-06,2021-01-29,23,Late,809.0,809.0,1.0,-17.35,1
990,87,2021-08-17,2021-09-06,20,Late,1149.0,1149.0,1.0,-17.35,1
991,493,2021-01-09,2021-01-16,7,On-Time,1239.0,1239.0,1.0,-17.35,0
992,770,2021-07-23,2021-08-14,22,Late,1015.0,1015.0,1.0,-17.35,1
993,268,2021-03-29,2021-04-11,13,On-Time,1109.0,1109.0,1.0,-17.35,1
994,920,2021-07-15,2021-07-17,2,On-Time,836.0,836.0,1.0,-17.35,1
995,15,2021-04-14,2021-04-28,14,On-Time,1127.0,1127.0,1.0,-17.35,1
996,345,2021-01-13,2021-02-02,20,Late,1459.0,1459.0,1.0,-17.35,1
997,346,2021-01-18,2021-01-31,13,On-Time,204.0,204.0,1.0,-17.35,1
998,407,2021-05-05,2021-05-21,16,Late,1352.0,1352.0,1.0,-17.35,1
999,428,2021-06-15,2021-07-12,27,Late,440.0,440.0,1.0,-17.35,1
1000,896,2021-04-07,2021-04-24,17,Late,,,1.0,-17.35,1
