order_id,customer_id,order_date,delivery_date,delivery_time,payment,churn
1,64,2021-08-30,2021-09-24,25 days,1487.0,0
2,473,2021-02-03,2021-02-13,10 days,1130.0,1
3,774,2021-10-08,2021-11-03,26 days,508.0,0
4,433,2021-05-06,2021-05-19,13 days,976.0,1
5,441,2021-03-23,2021-03-24,1 days,2043.0,1
6,800,2021-09-09,2021-10-05,26 days,732.0,0
7,626,2021-04-05,2021-04-11,6 days,523.0,1
8,58,2021-04-12,2021-05-01,19 days,299.0,0
9,852,2021-05-01,2021-05-11,10 days,1315.0,1
10,659,2021-10-15,2021-10-16,1 days,874.0,0
11,785,2021-06-15,2021-06-30,15 days,461.0,1
12,120,2021-06-30,2021-07-11,11 days,714.0,1
13,204,2021-10-15,2021-10-31,16 days,1583.0,0
14,957,2021-03-29,2021-04-12,14 days,1254.0,1
15,468,2021-09-22,2021-10-08,16 days,1365.0,0
16,564,2021-07-07,2021-07-08,1 days,1786.0,1
17,614,2021-02-09,2021-02-11,2 days,670.0,1
18,299,2021-01-01,2021-01-03,2 days,952.0,1
19,513,2021-08-30,2021-09-10,11 days,1244.0,0
20,789,2021-01-13,2021-01-20,7 days,1557.0,1
21,124,2021-04-04,2021-04-17,13 days,494.0,1
22,180,2021-05-28,2021-06-09,12 days,973.0,1
23,652,2021-05-17,2021-05-22,5 days,563.0,1
24,469,2021-09-04,2021-09-20,16 days,322.0,0
25,562,2021-07-04,2021-07-08,4 days,527.0,1
26,732,2021-04-25,2021-05-04,9 days,614.0,0
27,443,2021-05-16,2021-05-28,12 days,1136.0,0
28,206,2021-08-19,2021-09-04,16 days,2267.0,1
29,993,2021-03-22,2021-03-28,6 days,892.0,1
30,260,2021-07-07,2021-07-26,19 days,1243.0,1
31,727,2021-03-11,2021-04-05,25 days,441.0,0
32,627,2021-06-17,2021-07-14,27 days,742.0,0
33,588,2021-07-01,2021-07-07,6 days,1355.0,1
34,412,2021-05-23,2021-05-30,7 days,709.0,1
35,358,2021-08-31,2021-09-07,7 days,1166.0,0
36,51,2021-08-22,2021-09-04,13 days,1150.0,1
37,78,2021-07-07,2021-07-18,11 days,1415.0,1
38,809,2021-02-03,2021-02-19,16 days,466.0,1
39,466,2021-02-26,2021-03-20,22 days,2066.0,1
40,86,2021-01-07,2021-01-19,12 days,1004.0,1
41,790,2021-01-03,2021-01-09,6 days,525.0,1
42,690,2021-07-29,2021-08-02,4 days,528.0,0
43,570,2021-07-13,2021-08-03,21 days,580.0,1
44,849,2021-09-07,2021-09-22,15 days,716.0,0
45,571,2021-05-30,2021-06-21,22 days,1318.0,1
46,922,2021-06-22,2021-07-04,12 days,768.0,0
47,791,2021-04-21,2021-04-23,2 days,1092.0,1
48,620,2021-04-16,2021-04-23,7 days,436.0,1
49,336,2021-01-22,2021-02-13,22 days,583.0,1
50,454,2021-09-16,2021-09-18,2 days,1371.0,0
51,399,2021-02-19,2021-02-26,7 days,590.0,1
52,493,2021-10-06,2021-10-29,23 days,945.0,0
53,528,2021-04-22,2021-05-02,10 days,573.0,0
54,195,2021-04-25,2021-05-17,22 days,719.0,1
55,873,2021-04-08,2021-04-25,17 days,119.0,1
56,587,2021-01-23,2021-02-18,26 days,1023.0,1
57,163,2021-02-27,2021-03-13,14 days,609.0,0
58,332,2021-02-02,2021-02-10,8 days,467.0,1
59,843,2021-01-31,2021-02-27,27 days,413.0,1
60,301,2021-02-05,2021-02-28,23 days,1093.0,1
61,158,2021-04-16,2021-04-28,12 days,879.0,1
62,93,2021-07-30,2021-08-13,14 days,390.0,1
63,556,2021-02-11,2021-03-08,25 days,807.0,0
64,167,2021-01-24,2021-02-15,22 days,738.0,1
65,388,2021-06-26,2021-07-22,26 days,624.0,1
66,631,2021-08-14,2021-08-22,8 days,2077.0,1
67,504,2021-05-22,2021-06-17,26 days,576.0,1
68,180,2021-02-12,2021-02-18,6 days,526.0,1
69,96,2021-03-08,2021-03-28,20 days,1285.0,0
70,802,2021-05-15,2021-05-26,11 days,100.0,1
71,795,2021-02-14,2021-02-16,2 days,327.0,1
72,610,2021-03-13,2021-03-16,3 days,836.0,1
73,965,2021-07-24,2021-08-19,26 days,1095.0,1
74,391,2021-02-23,2021-02-27,4 days,650.0,1
75,68,2021-08-24,2021-09-15,22 days,893.0,0
76,470,2021-06-18,2021-06-26,8 days,1105.0,1
77,680,2021-04-19,2021-04-29,10 days,2733.0,1
78,681,2021-05-13,2021-05-29,16 days,799.0,1
79,236,2021-03-16,2021-03-25,9 days,771.0,1
80,872,2021-04-26,2021-05-20,24 days,386.0,1
81,736,2021-06-13,2021-06-15,2 days,1099.0,1
82,927,2021-02-02,2021-02-27,25 days,1441.0,1
83,537,2021-06-25,2021-07-01,6 days,408.0,1
84,181,2021-08-26,2021-09-20,25 days,571.0,0
85,251,2021-03-10,2021-03-22,12 days,537.0,1
86,874,2021-08-05,2021-08-11,6 days,200.0,1
87,325,2021-06-20,2021-07-16,26 days,821.0,1
88,567,2021-07-19,2021-08-15,27 days,1370.0,1
89,448,2021-10-22,2021-11-16,25 days,831.0,0
90,809,2021-06-13,2021-07-07,24 days,1397.0,1
91,803,2021-09-02,2021-09-15,13 days,1090.0,0
92,273,2021-01-12,2021-01-30,18 days,1169.0,1
93,908,2021-10-22,2021-11-11,20 days,672.0,0
94,629,2021-03-08,2021-03-26,18 days,1225.0,0
95,413,2021-01-25,2021-02-05,11 days,1710.0,1
96,415,2021-06-20,2021-06-30,10 days,925.0,0
97,106,2021-03-29,2021-03-31,2 days,1474.0,1
98,257,2021-04-29,2021-05-08,9 days,1016.0,1
99,291,2021-09-13,2021-09-25,12 days,1017.0,0
100,817,2021-03-30,2021-04-16,17 days,1709.0,1
101,807,2021-01-31,2021-02-27,27 days,1198.0,1
102,846,2021-05-07,2021-05-26,19 days,327.0,1
103,209,2021-06-16,2021-06-24,8 days,1857.0,1
104,366,2021-06-05,2021-06-23,18 days,1141.0,1
105,456,2021-06-25,2021-07-14,19 days,286.0,1
106,573,2021-03-09,2021-03-28,19 days,810.0,1
107,127,2021-01-11,2021-02-03,23 days,1145.0,1
108,935,2021-03-07,2021-03-28,21 days,2141.0,1
109,554,2021-04-06,2021-04-29,23 days,708.0,1
110,607,2021-09-02,2021-09-06,4 days,818.0,0
111,794,2021-03-30,2021-04-14,15 days,1053.0,1
112,75,2021-02-04,2021-02-17,13 days,1044.0,1
113,565,2021-03-19,2021-04-08,20 days,2316.0,1
114,160,2021-08-08,2021-09-02,25 days,1412.0,1
115,492,2021-04-11,2021-04-22,11 days,594.0,1
116,510,2021-04-25,2021-05-20,25 days,318.0,1
117,971,2021-01-08,2021-01-23,15 days,1183.0,1
118,639,2021-02-20,2021-02-22,2 days,528.0,1
119,545,2021-04-29,2021-05-06,7 days,500.0,1
120,585,2021-06-09,2021-06-14,5 days,1167.0,1
121,549,2021-04-21,2021-04-23,2 days,1416.0,0
122,732,2021-04-13,2021-05-04,21 days,715.0,0
123,471,2021-03-04,2021-03-22,18 days,1867.0,1
124,776,2021-07-06,2021-07-15,9 days,2021.0,0
125,321,2021-10-22,2021-11-03,12 days,205.0,0
126,326,2021-01-31,2021-02-20,20 days,1268.0,1
127,51,2021-04-01,2021-04-11,10 days,1418.0,1
128,936,2021-10-13,2021-11-09,27 days,1718.0,0
129,428,2021-05-24,2021-05-27,3 days,506.0,1
130,439,2021-06-20,2021-07-15,25 days,95.0,1
131,629,2021-09-20,2021-09-24,4 days,948.0,0
132,562,2021-04-17,2021-05-01,14 days,903.0,1
133,878,2021-07-07,2021-07-17,10 days,576.0,1
134,12,2021-06-19,2021-07-01,12 days,1551.0,1
135,942,2021-05-15,2021-06-02,18 days,610.0,1
136,539,2021-09-06,2021-09-08,2 days,807.0,0
137,298,2021-10-18,2021-10-20,2 days,635.0,0
138,331,2021-02-05,2021-02-10,5 days,987.0,0
139,871,2021-06-15,2021-06-28,13 days,761.0,1
140,539,2021-04-08,2021-04-13,5 days,1507.0,0
141,528,2021-08-26,2021-09-13,18 days,805.0,0
142,237,2021-06-15,2021-07-12,27 days,2469.0,1
143,828,2021-02-08,2021-02-11,3 days,1089.0,0
144,928,2021-05-22,2021-05-28,6 days,890.0,1
145,871,2021-02-02,2021-02-10,8 days,978.0,1
146,912,2021-08-30,2021-09-26,27 days,624.0,0
147,818,2021-09-28,2021-10-16,18 days,112.0,0
148,573,2021-01-14,2021-01-24,10 days,1012.0,1
149,500,2021-03-03,2021-03-14,11 days,1039.0,1
150,462,2021-06-22,2021-06-27,5 days,951.0,1
151,357,2021-08-08,2021-09-01,24 days,738.0,1
152,320,2021-03-09,2021-03-12,3 days,1296.0,1
153,727,2021-10-21,2021-11-17,27 days,1579.0,0
154,674,2021-10-17,2021-11-07,21 days,700.0,0
155,834,2021-06-30,2021-07-18,18 days,102.0,1
156,727,2021-07-10,2021-07-29,19 days,997.0,0
157,909,2021-04-07,2021-04-17,10 days,699.0,1
158,828,2021-07-13,2021-08-04,22 days,1226.0,0
159,208,2021-09-05,2021-09-13,8 days,919.0,0
160,725,2021-07-31,2021-08-06,6 days,1498.0,1
161,566,2021-03-22,2021-04-11,20 days,1728.0,0
162,431,2021-04-25,2021-05-05,10 days,1170.0,1
163,84,2021-06-12,2021-06-17,5 days,1724.0,0
164,412,2021-05-21,2021-06-03,13 days,929.0,1
165,389,2021-06-23,2021-07-20,27 days,1085.0,1
166,113,2021-07-11,2021-07-14,3 days,1288.0,1
167,595,2021-06-26,2021-07-18,22 days,566.0,1
168,664,2021-01-10,2021-01-27,17 days,1042.0,0
169,996,2021-03-09,2021-03-12,3 days,2066.0,0
170,867,2021-08-17,2021-09-03,17 days,940.0,1
171,443,2021-09-14,2021-09-16,2 days,1468.0,0
172,224,2021-01-05,2021-01-27,22 days,1649.0,1
173,435,2021-06-06,2021-07-01,25 days,212.0,1
174,497,2021-02-22,2021-03-17,23 days,469.0,0
175,309,2021-03-22,2021-04-16,25 days,1567.0,1
176,574,2021-09-26,2021-10-04,8 days,1027.0,0
177,315,2021-08-20,2021-09-01,12 days,1057.0,1
178,236,2021-02-02,2021-02-08,6 days,295.0,1
179,161,2021-06-10,2021-06-27,17 days,1328.0,1
180,469,2021-05-29,2021-06-22,24 days,897.0,0
181,241,2021-01-29,2021-02-13,15 days,424.0,1
182,461,2021-02-22,2021-03-04,10 days,1929.0,1
183,715,2021-10-06,2021-10-12,6 days,1682.0,0
184,240,2021-09-15,2021-09-29,14 days,640.0,0
185,945,2021-04-06,2021-04-20,14 days,2095.0,1
186,833,2021-09-26,2021-10-14,18 days,1034.0,0
187,401,2021-01-10,2021-01-19,9 days,1195.0,0
188,571,2021-04-10,2021-04-22,12 days,742.0,1
189,586,2021-07-17,2021-08-08,22 days,603.0,1
190,421,2021-02-01,2021-02-17,16 days,321.0,1
191,18,2021-01-22,2021-02-15,24 days,891.0,1
192,842,2021-02-06,2021-02-19,13 days,1870.0,1
193,846,2021-06-06,2021-06-07,1 days,1629.0,1
194,415,2021-10-23,2021-11-03,11 days,1344.0,0
195,92,2021-04-13,2021-04-17,4 days,704.0,1
196,630,2021-10-22,2021-11-16,25 days,1212.0,0
197,110,2021-04-30,2021-05-01,1 days,941.0,1
198,640,2021-08-31,2021-09-13,13 days,693.0,0
199,206,2021-05-17,2021-05-18,1 days,1079.0,1
200,15,2021-08-24,2021-09-07,14 days,1348.0,1
201,325,2021-05-26,2021-06-18,23 days,1045.0,1
202,129,2021-04-15,2021-04-22,7 days,1239.0,0
203,369,2021-06-21,2021-07-11,20 days,941.0,1
204,568,2021-09-30,2021-10-10,10 days,641.0,0
205,267,2021-02-03,2021-02-04,1 days,514.0,1
206,654,2021-06-01,2021-06-16,15 days,1211.0,1
207,644,2021-09-25,2021-09-28,3 days,770.0,0
208,28,2021-10-10,2021-10-15,5 days,1079.0,0
209,292,2021-05-08,2021-05-20,12 days,628.0,1
210,723,2021-07-22,2021-08-18,27 days,651.0,1
211,515,2021-05-09,2021-05-17,8 days,1113.0,0
212,62,2021-10-14,2021-11-08,25 days,1657.0,0
213,678,2021-09-14,2021-09-27,13 days,1437.0,0
214,288,2021-06-20,2021-07-09,19 days,682.0,1
215,526,2021-08-10,2021-08-20,10 days,777.0,0
216,865,2021-04-16,2021-05-04,18 days,835.0,1
217,234,2021-07-18,2021-07-31,13 days,1596.0,1
218,606,2021-07-12,2021-07-20,8 days,645.0,1
219,667,2021-01-05,2021-01-10,5 days,505.0,1
220,555,2021-10-10,2021-10-25,15 days,978.0,0
221,473,2021-08-03,2021-08-17,14 days,1045.0,1
222,368,2021-09-08,2021-10-05,27 days,770.0,0
223,657,2021-03-23,2021-03-30,7 days,1470.0,1
224,628,2021-07-07,2021-08-02,26 days,1022.0,1
225,664,2021-10-04,2021-10-26,22 days,1383.0,0
226,28,2021-07-09,2021-07-23,14 days,1798.0,0
227,406,2021-10-23,2021-11-19,27 days,,0
228,773,2021-01-06,2021-01-17,11 days,998.0,1
229,107,2021-10-08,2021-10-20,12 days,590.0,0
230,497,2021-08-31,2021-09-18,18 days,299.0,0
231,731,2021-03-20,2021-04-09,20 days,771.0,1
232,256,2021-05-02,2021-05-16,14 days,1286.0,1
233,996,2021-09-03,2021-09-19,16 days,979.0,0
234,133,2021-09-18,2021-10-10,22 days,697.0,0
235,767,2021-09-28,2021-10-12,14 days,1291.0,0
236,228,2021-07-15,2021-08-08,24 days,779.0,1
237,829,2021-03-16,2021-04-06,21 days,1046.0,1
238,328,2021-03-17,2021-03-27,10 days,1432.0,0
239,530,2021-10-13,2021-11-02,20 days,618.0,0
240,578,2021-01-27,2021-02-01,5 days,1101.0,1
241,401,2021-07-22,2021-08-17,26 days,642.0,0
242,909,2021-08-25,2021-09-13,19 days,1448.0,1
243,263,2021-07-06,2021-07-11,5 days,419.0,1
244,637,2021-09-02,2021-09-09,7 days,1169.0,0
245,191,2021-05-06,2021-05-10,4 days,1005.0,1
246,641,2021-06-19,2021-07-16,27 days,780.0,1
247,68,2021-10-19,2021-11-12,24 days,693.0,0
248,457,2021-01-15,2021-01-20,5 days,1667.0,1
249,86,2021-05-13,2021-05-26,13 days,1338.0,1
250,518,2021-03-26,2021-04-03,8 days,1032.0,1
251,433,2021-07-31,2021-08-27,27 days,853.0,1
252,683,2021-01-11,2021-02-05,25 days,2597.0,1
253,179,2021-09-10,2021-10-02,22 days,677.0,0
254,571,2021-08-07,2021-09-03,27 days,697.0,1
255,605,2021-09-26,2021-10-15,19 days,565.0,0
256,313,2021-08-09,2021-08-12,3 days,961.0,1
257,914,2021-02-12,2021-03-02,18 days,969.0,1
258,742,2021-10-21,2021-11-13,23 days,1091.0,0
259,878,2021-08-16,2021-09-07,22 days,564.0,1
260,317,2021-07-13,2021-07-25,12 days,1101.0,1
261,250,2021-02-06,2021-03-01,23 days,871.0,1
262,812,2021-05-22,2021-05-24,2 days,796.0,1
263,372,2021-06-19,2021-07-08,19 days,1066.0,1
264,636,2021-06-13,2021-06-18,5 days,1425.0,1
265,189,2021-07-04,2021-07-29,25 days,938.0,0
266,623,2021-03-10,2021-03-20,10 days,1184.0,0
267,34,2021-09-11,2021-09-12,1 days,866.0,0
268,530,2021-03-16,2021-04-10,25 days,220.0,0
269,89,2021-02-05,2021-02-22,17 days,908.0,1
270,711,2021-03-02,2021-03-27,25 days,1178.0,1
271,469,2021-06-07,2021-06-09,2 days,642.0,0
272,92,2021-01-20,2021-01-31,11 days,117.0,1
273,828,2021-10-07,2021-11-03,27 days,735.0,0
274,19,2021-04-13,2021-04-27,14 days,1172.0,1
275,329,2021-01-05,2021-01-15,10 days,1245.0,1
276,775,2021-06-20,2021-06-24,4 days,781.0,1
277,659,2021-04-05,2021-04-06,1 days,1593.0,0
278,510,2021-01-30,2021-02-13,14 days,1054.0,1
279,620,2021-07-25,2021-07-28,3 days,1441.0,1
280,551,2021-01-07,2021-01-08,1 days,517.0,1
281,489,2021-07-03,2021-07-15,12 days,1970.0,1
282,423,2021-03-30,2021-04-18,19 days,1426.0,1
283,303,2021-09-04,2021-09-15,11 days,1747.0,0
284,522,2021-04-29,2021-05-16,17 days,273.0,1
285,882,2021-09-25,2021-10-20,25 days,404.0,0
286,998,2021-01-05,2021-01-08,3 days,1390.0,1
287,799,2021-09-09,2021-10-03,24 days,760.0,0
288,201,2021-10-13,2021-10-16,3 days,1999.0,0
289,977,2021-01-26,2021-02-16,21 days,1963.0,1
290,364,2021-08-01,2021-08-16,15 days,986.0,1
291,112,2021-01-12,2021-02-05,24 days,1378.0,1
292,337,2021-03-26,2021-04-04,9 days,1452.0,1
293,426,2021-08-05,2021-08-13,8 days,1298.0,1
294,499,2021-08-28,2021-09-15,18 days,921.0,0
295,412,2021-03-05,2021-03-19,14 days,313.0,1
296,207,2021-10-22,2021-10-25,3 days,1252.0,0
297,256,2021-06-15,2021-06-27,12 days,1928.0,1
298,58,2021-09-11,2021-09-20,9 days,1226.0,0
299,994,2021-01-12,2021-02-03,22 days,1716.0,1
300,912,2021-09-30,2021-10-25,25 days,204.0,0
301,535,2021-06-21,2021-06-25,4 days,1513.0,0
302,156,2021-06-19,2021-07-07,18 days,385.0,1
303,758,2021-09-02,2021-09-11,9 days,873.0,0
304,537,2021-04-10,2021-05-03,23 days,1538.0,1
305,234,2021-07-09,2021-07-26,17 days,865.0,1
306,747,2021-10-16,2021-10-19,3 days,327.0,0
307,679,2021-10-11,2021-10-28,17 days,874.0,0
308,549,2021-02-13,2021-03-08,23 days,739.0,0
309,390,2021-01-07,2021-01-25,18 days,307.0,1
310,348,2021-04-25,2021-05-15,20 days,1055.0,0
311,807,2021-03-07,2021-03-25,18 days,754.0,1
312,683,2021-07-06,2021-07-31,25 days,2279.0,1
313,266,2021-06-02,2021-06-11,9 days,1755.0,1
314,95,2021-08-14,2021-08-17,3 days,1932.0,1
315,239,2021-04-05,2021-04-25,20 days,501.0,1
316,179,2021-09-12,2021-09-20,8 days,910.0,0
317,876,2021-04-23,2021-04-26,3 days,523.0,1
318,433,2021-01-31,2021-02-17,17 days,402.0,1
319,933,2021-08-22,2021-09-16,25 days,698.0,1
320,41,2021-08-22,2021-09-12,21 days,1417.0,1
321,833,2021-08-26,2021-08-31,5 days,1537.0,0
322,686,2021-08-17,2021-09-12,26 days,1281.0,1
323,852,2021-03-23,2021-04-13,21 days,1754.0,1
324,99,2021-07-05,2021-07-16,11 days,1256.0,1
325,318,2021-05-11,2021-05-28,17 days,452.0,1
326,199,2021-06-22,2021-07-01,9 days,675.0,1
327,710,2021-07-28,2021-07-31,3 days,1384.0,1
328,246,2021-04-14,2021-05-08,24 days,477.0,1
329,820,2021-04-30,2021-05-24,24 days,898.0,1
330,887,2021-03-12,2021-04-08,27 days,1711.0,1
331,414,2021-03-18,2021-03-23,5 days,204.0,1
332,466,2021-03-13,2021-03-14,1 days,,1
333,367,2021-10-18,2021-11-09,22 days,1533.0,0
334,539,2021-05-12,2021-05-23,11 days,1461.0,0
335,485,2021-09-30,2021-10-24,24 days,474.0,0
336,615,2021-05-25,2021-05-28,3 days,943.0,1
337,341,2021-08-02,2021-08-04,2 days,1014.0,1
338,630,2021-01-26,2021-02-13,18 days,897.0,0
339,409,2021-04-06,2021-04-13,7 days,1096.0,1
340,841,2021-07-17,2021-08-13,27 days,735.0,1
341,602,2021-02-07,2021-02-09,2 days,2267.0,1
342,348,2021-08-24,2021-09-08,15 days,1171.0,0
343,673,2021-09-17,2021-10-06,19 days,632.0,0
344,526,2021-08-16,2021-09-06,21 days,546.0,0
345,711,2021-02-14,2021-03-05,19 days,510.0,1
346,739,2021-03-23,2021-04-06,14 days,1542.0,1
347,209,2021-05-29,2021-06-14,16 days,688.0,1
348,732,2021-10-07,2021-10-28,21 days,1759.0,0
349,847,2021-04-13,2021-04-29,16 days,1039.0,1
350,869,2021-02-14,2021-03-02,16 days,1196.0,1
351,478,2021-05-02,2021-05-04,2 days,1834.0,1
352,52,2021-10-08,2021-10-10,2 days,1180.0,0
353,774,2021-03-30,2021-04-05,6 days,1423.0,0
354,18,2021-02-26,2021-03-08,10 days,1410.0,1
355,46,2021-04-14,2021-04-24,10 days,710.0,1
356,236,2021-04-01,2021-04-15,14 days,1626.0,1
357,70,2021-02-08,2021-02-13,5 days,547.0,1
358,796,2021-04-07,2021-04-12,5 days,2024.0,1
359,661,2021-05-16,2021-05-31,15 days,742.0,1
360,870,2021-08-03,2021-08-08,5 days,614.0,1
361,988,2021-02-06,2021-02-25,19 days,1046.0,1
362,96,2021-09-30,2021-10-07,7 days,706.0,0
363,882,2021-01-25,2021-02-21,27 days,556.0,0
364,925,2021-03-13,2021-04-03,21 days,880.0,1
365,485,2021-04-14,2021-04-25,11 days,1583.0,0
366,334,2021-07-15,2021-07-30,15 days,1054.0,1
367,181,2021-02-20,2021-03-19,27 days,1588.0,0
368,556,2021-09-02,2021-09-21,19 days,1241.0,0
369,729,2021-03-26,2021-04-18,23 days,820.0,0
370,986,2021-01-22,2021-02-11,20 days,1821.0,0
371,727,2021-08-29,2021-09-15,17 days,1411.0,0
372,991,2021-03-14,2021-03-19,5 days,942.0,1
373,581,2021-03-13,2021-04-03,21 days,1435.0,1
374,981,2021-06-05,2021-06-20,15 days,1747.0,1
375,655,2021-01-20,2021-01-26,6 days,574.0,1
376,571,2021-07-04,2021-07-17,13 days,1337.0,1
377,21,2021-05-19,2021-05-28,9 days,1461.0,1
378,623,2021-09-29,2021-10-25,26 days,575.0,0
379,467,2021-02-13,2021-02-15,2 days,1114.0,1
380,75,2021-03-22,2021-03-28,6 days,1527.0,1
381,258,2021-04-11,2021-05-03,22 days,2217.0,1
382,791,2021-05-04,2021-05-15,11 days,657.0,1
383,469,2021-09-08,2021-09-14,6 days,924.0,0
384,709,2021-05-27,2021-06-22,26 days,644.0,1
385,146,2021-08-08,2021-08-24,16 days,616.0,1
386,458,2021-02-14,2021-03-03,17 days,691.0,1
387,341,2021-06-11,2021-06-14,3 days,1115.0,1
388,601,2021-02-12,2021-02-17,5 days,726.0,1
389,643,2021-04-20,2021-04-23,3 days,1358.0,1
390,206,2021-01-20,2021-01-24,4 days,928.0,1
391,726,2021-05-16,2021-06-06,21 days,1567.0,1
392,840,2021-01-12,2021-01-25,13 days,706.0,1
393,803,2021-05-06,2021-05-27,21 days,1281.0,0
394,508,2021-09-06,2021-09-10,4 days,1714.0,0
395,728,2021-03-26,2021-04-02,7 days,1016.0,1
396,461,2021-02-26,2021-03-03,5 days,800.0,1
397,446,2021-02-03,2021-02-22,19 days,675.0,1
398,13,2021-09-28,2021-10-13,15 days,332.0,0
399,331,2021-10-21,2021-10-30,9 days,1074.0,0
400,907,2021-07-02,2021-07-25,23 days,1303.0,1
401,94,2021-08-14,2021-08-24,10 days,1231.0,1
402,537,2021-03-09,2021-04-04,26 days,200.0,1
403,980,2021-09-16,2021-09-25,9 days,1061.0,0
404,998,2021-03-03,2021-03-09,6 days,198.0,1
405,493,2021-08-09,2021-08-12,3 days,831.0,0
406,892,2021-07-25,2021-08-18,24 days,1427.0,1
407,835,2021-01-09,2021-01-20,11 days,595.0,1
408,404,2021-01-30,2021-02-15,16 days,1803.0,1
409,206,2021-05-03,2021-05-11,8 days,1307.0,1
410,47,2021-08-04,2021-08-09,5 days,183.0,1
411,771,2021-03-17,2021-04-08,22 days,1078.0,1
412,427,2021-09-23,2021-10-13,20 days,616.0,0
413,589,2021-10-17,2021-10-31,14 days,1486.0,0
414,212,2021-01-02,2021-01-03,1 days,526.0,1
415,947,2021-07-14,2021-07-19,5 days,1467.0,1
416,129,2021-10-08,2021-10-25,17 days,1470.0,0
417,729,2021-09-14,2021-10-11,27 days,1157.0,0
418,918,2021-08-24,2021-09-15,22 days,896.0,1
419,745,2021-10-20,2021-11-10,21 days,1479.0,0
420,482,2021-02-22,2021-03-19,25 days,1164.0,1
421,691,2021-09-28,2021-10-09,11 days,1423.0,0
422,375,2021-03-16,2021-03-26,10 days,966.0,1
423,507,2021-06-12,2021-06-21,9 days,1393.0,1
424,551,2021-03-13,2021-03-18,5 days,1237.0,1
425,606,2021-02-21,2021-03-17,24 days,1154.0,1
426,776,2021-09-26,2021-10-16,20 days,180.0,0
427,282,2021-01-27,2021-02-10,14 days,2333.0,1
428,431,2021-02-24,2021-03-23,27 days,540.0,1
429,754,2021-02-08,2021-02-22,14 days,428.0,0
430,155,2021-02-08,2021-03-01,21 days,427.0,1
431,325,2021-04-25,2021-05-09,14 days,704.0,1
432,20,2021-10-20,2021-11-03,14 days,701.0,0
433,419,2021-08-18,2021-09-02,15 days,452.0,1
434,940,2021-05-11,2021-06-01,21 days,1759.0,1
435,886,2021-02-17,2021-02-22,5 days,1266.0,1
436,739,2021-08-17,2021-09-10,24 days,400.0,1
437,269,2021-08-25,2021-09-05,11 days,1332.0,1
438,989,2021-05-22,2021-05-31,9 days,717.0,1
439,286,2021-08-24,2021-09-06,13 days,1606.0,1
440,553,2021-10-09,2021-10-30,21 days,1171.0,0
441,726,2021-02-28,2021-03-02,2 days,1742.0,1
442,693,2021-03-24,2021-03-30,6 days,434.0,0
443,966,2021-03-09,2021-03-27,18 days,600.0,1
444,383,2021-03-07,2021-03-26,19 days,505.0,1
445,893,2021-07-07,2021-07-27,20 days,530.0,1
446,283,2021-03-26,2021-03-30,4 days,1187.0,1
447,100,2021-01-10,2021-01-23,13 days,1308.0,1
448,185,2021-08-20,2021-08-31,11 days,600.0,1
449,163,2021-10-23,2021-11-09,17 days,724.0,0
450,648,2021-04-30,2021-05-05,5 days,1234.0,0
451,566,2021-08-25,2021-09-06,12 days,612.0,0
452,123,2021-10-09,2021-10-22,13 days,189.0,0
453,371,2021-08-13,2021-08-22,9 days,224.0,0
454,441,2021-03-29,2021-04-12,14 days,850.0,1
455,1,2021-04-04,2021-04-06,2 days,500.0,1
456,450,2021-06-28,2021-07-20,22 days,480.0,1
457,490,2021-03-04,2021-03-12,8 days,1360.0,1
458,757,2021-10-21,2021-11-10,20 days,1527.0,0
459,853,2021-06-18,2021-07-06,18 days,868.0,1
460,250,2021-06-07,2021-06-17,10 days,525.0,1
461,244,2021-02-14,2021-02-19,5 days,1188.0,1
462,769,2021-01-31,2021-02-20,20 days,1255.0,1
463,641,2021-03-16,2021-04-09,24 days,1366.0,1
464,103,2021-06-29,2021-07-25,26 days,1733.0,1
465,7,2021-05-21,2021-05-23,2 days,1017.0,1
466,628,2021-06-10,2021-07-05,25 days,674.0,1
467,102,2021-02-24,2021-03-10,14 days,1057.0,1
468,238,2021-04-15,2021-04-17,2 days,925.0,1
469,907,2021-04-27,2021-05-04,7 days,210.0,1
470,810,2021-09-11,2021-10-04,23 days,518.0,0
471,282,2021-07-08,2021-07-10,2 days,1081.0,1
472,85,2021-07-15,2021-07-29,14 days,1664.0,1
473,61,2021-05-19,2021-06-12,24 days,236.0,1
474,571,2021-08-19,2021-09-09,21 days,1412.0,1
475,696,2021-05-27,2021-06-01,5 days,1329.0,1
476,757,2021-10-07,2021-11-02,26 days,1344.0,0
477,97,2021-06-20,2021-06-26,6 days,842.0,1
478,452,2021-10-15,2021-10-23,8 days,1450.0,0
479,51,2021-06-27,2021-07-16,19 days,1030.0,1
480,180,2021-07-15,2021-08-05,21 days,801.0,1
481,227,2021-08-20,2021-09-12,23 days,1765.0,1
482,111,2021-08-03,2021-08-09,6 days,917.0,1
483,742,2021-03-15,2021-03-20,5 days,1015.0,0
484,926,2021-05-05,2021-05-31,26 days,318.0,1
485,969,2021-01-08,2021-01-28,20 days,186.0,1
486,643,2021-04-27,2021-05-08,11 days,754.0,1
487,926,2021-01-09,2021-02-05,27 days,1203.0,1
488,638,2021-10-01,2021-10-26,25 days,1101.0,0
489,77,2021-08-30,2021-09-21,22 days,1201.0,0
490,816,2021-09-15,2021-09-29,14 days,675.0,0
491,783,2021-02-24,2021-03-18,22 days,970.0,0
492,568,2021-07-24,2021-08-07,14 days,1443.0,0
493,895,2021-04-24,2021-05-03,9 days,1437.0,1
494,740,2021-07-31,2021-08-15,15 days,2268.0,1
495,352,2021-08-10,2021-08-19,9 days,578.0,1
496,574,2021-06-17,2021-06-27,10 days,1328.0,0
497,900,2021-07-07,2021-07-09,2 days,424.0,1
498,647,2021-07-15,2021-07-23,8 days,607.0,1
499,690,2021-10-24,2021-10-26,2 days,1952.0,0
500,571,2021-01-15,2021-01-24,9 days,1134.0,1
501,706,2021-02-16,2021-02-25,9 days,1375.0,1
502,485,2021-02-18,2021-03-07,17 days,1807.0,0
503,937,2021-08-19,2021-09-05,17 days,1257.0,1
504,192,2021-01-13,2021-02-08,26 days,1493.0,1
505,737,2021-08-17,2021-08-27,10 days,1383.0,1
506,648,2021-09-11,2021-09-27,16 days,1145.0,0
507,58,2021-06-20,2021-07-11,21 days,862.0,0
508,834,2021-07-17,2021-08-01,15 days,1504.0,1
509,676,2021-01-02,2021-01-25,23 days,1289.0,1
510,125,2021-09-29,2021-10-01,2 days,1612.0,0
511,282,2021-08-22,2021-09-12,21 days,1929.0,1
512,223,2021-10-13,2021-11-05,23 days,551.0,0
513,950,2021-05-24,2021-06-04,11 days,319.0,1
514,740,2021-07-12,2021-07-22,10 days,435.0,1
515,23,2021-05-23,2021-06-13,21 days,1268.0,1
516,506,2021-05-21,2021-05-26,5 days,885.0,1
517,797,2021-06-23,2021-06-30,7 days,2298.0,1
518,196,2021-06-03,2021-06-18,15 days,1110.0,1
519,244,2021-08-23,2021-09-12,20 days,1597.0,1
520,679,2021-02-04,2021-03-01,25 days,1914.0,0
521,382,2021-03-17,2021-03-31,14 days,1713.0,1
522,761,2021-03-19,2021-04-05,17 days,751.0,1
523,516,2021-04-25,2021-05-18,23 days,1625.0,1
524,60,2021-07-21,2021-08-01,11 days,725.0,1
525,986,2021-09-25,2021-10-20,25 days,1752.0,0
526,55,2021-05-16,2021-05-22,6 days,1382.0,1
527,79,2021-09-13,2021-10-09,26 days,1419.0,0
528,343,2021-09-16,2021-10-07,21 days,1159.0,0
529,767,2021-01-10,2021-01-19,9 days,708.0,0
530,467,2021-01-07,2021-01-23,16 days,2450.0,1
531,742,2021-01-14,2021-02-08,25 days,991.0,0
532,523,2021-09-08,2021-09-20,12 days,641.0,0
533,558,2021-06-04,2021-06-09,5 days,649.0,0
534,49,2021-09-23,2021-09-26,3 days,285.0,0
535,585,2021-01-25,2021-02-07,13 days,1244.0,1
536,927,2021-02-05,2021-02-21,16 days,,1
537,203,2021-02-14,2021-03-13,27 days,942.0,1
538,754,2021-01-04,2021-01-26,22 days,1241.0,0
539,609,2021-01-03,2021-01-25,22 days,1318.0,1
540,772,2021-03-21,2021-03-30,9 days,1251.0,1
541,490,2021-08-20,2021-08-22,2 days,790.0,1
542,282,2021-02-10,2021-02-14,4 days,1420.0,1
543,769,2021-07-28,2021-08-09,12 days,1166.0,1
544,347,2021-03-05,2021-03-14,9 days,1527.0,1
545,439,2021-06-21,2021-07-02,11 days,2300.0,1
546,664,2021-04-29,2021-05-19,20 days,885.0,0
547,163,2021-10-19,2021-10-30,11 days,2161.0,0
548,135,2021-07-17,2021-07-26,9 days,507.0,0
549,401,2021-06-02,2021-06-09,7 days,315.0,0
550,26,2021-08-04,2021-08-09,5 days,1347.0,1
551,330,2021-09-16,2021-09-18,2 days,345.0,0
552,264,2021-01-10,2021-01-17,7 days,1654.0,1
553,49,2021-03-06,2021-03-14,8 days,816.0,0
554,842,2021-05-07,2021-05-26,19 days,532.0,1
555,922,2021-09-03,2021-09-09,6 days,984.0,0
556,566,2021-07-30,2021-08-01,2 days,1355.0,0
557,504,2021-04-19,2021-04-24,5 days,1554.0,1
558,729,2021-03-02,2021-03-18,16 days,1179.0,0
559,611,2021-03-03,2021-03-15,12 days,1547.0,1
560,11,2021-05-28,2021-06-05,8 days,382.0,1
561,764,2021-02-15,2021-03-13,26 days,712.0,0
562,632,2021-09-19,2021-10-03,14 days,1364.0,0
563,611,2021-07-04,2021-07-16,12 days,1265.0,1
564,583,2021-08-23,2021-09-19,27 days,645.0,1
565,442,2021-02-25,2021-03-15,18 days,690.0,1
566,614,2021-07-24,2021-08-10,17 days,792.0,1
567,104,2021-06-21,2021-06-23,2 days,819.0,1
568,783,2021-01-09,2021-01-22,13 days,876.0,0
569,757,2021-03-16,2021-04-06,21 days,955.0,0
570,81,2021-03-09,2021-03-14,5 days,1588.0,1
571,472,2021-02-02,2021-02-10,8 days,1483.0,1
572,479,2021-01-01,2021-01-06,5 days,1081.0,1
573,736,2021-01-02,2021-01-09,7 days,625.0,1
574,434,2021-06-21,2021-07-03,12 days,533.0,1
575,54,2021-08-14,2021-08-16,2 days,841.0,1
576,218,2021-04-26,2021-05-05,9 days,1069.0,1
577,840,2021-02-20,2021-03-12,20 days,1755.0,1
578,926,2021-05-09,2021-05-12,3 days,1768.0,1
579,501,2021-03-28,2021-04-20,23 days,846.0,0
580,171,2021-04-30,2021-05-09,9 days,697.0,1
581,708,2021-05-09,2021-05-29,20 days,726.0,1
582,783,2021-09-03,2021-09-18,15 days,1175.0,0
583,290,2021-04-07,2021-04-10,3 days,2144.0,1
584,142,2021-06-29,2021-07-01,2 days,714.0,1
585,844,2021-03-20,2021-03-23,3 days,1103.0,1
586,998,2021-02-27,2021-03-22,23 days,1822.0,1
587,402,2021-09-08,2021-09-11,3 days,1204.0,0
588,612,2021-05-26,2021-06-20,25 days,820.0,1
589,692,2021-06-25,2021-07-20,25 days,1888.0,1
590,898,2021-07-06,2021-07-15,9 days,685.0,0
591,588,2021-06-18,2021-07-06,18 days,336.0,1
592,973,2021-06-29,2021-07-07,8 days,2116.0,1
593,515,2021-02-21,2021-03-11,18 days,1154.0,0
594,711,2021-06-14,2021-06-23,9 days,981.0,1
595,10,2021-03-09,2021-03-29,20 days,270.0,1
596,693,2021-06-13,2021-06-27,14 days,301.0,0
597,107,2021-08-04,2021-08-16,12 days,180.0,0
598,638,2021-06-20,2021-07-05,15 days,,0
599,308,2021-09-23,2021-10-17,24 days,965.0,0
600,921,2021-09-15,2021-09-16,1 days,624.0,0
601,916,2021-06-13,2021-06-28,15 days,1152.0,1
602,987,2021-02-14,2021-03-07,21 days,415.0,1
603,549,2021-08-30,2021-09-04,5 days,198.0,0
604,492,2021-07-20,2021-08-13,24 days,1032.0,1
605,402,2021-08-20,2021-09-06,17 days,800.0,0
606,692,2021-01-31,2021-02-08,8 days,1149.0,1
607,648,2021-10-19,2021-11-12,24 days,1106.0,0
608,530,2021-08-13,2021-08-15,2 days,585.0,0
609,25,2021-04-22,2021-05-08,16 days,1253.0,1
610,735,2021-08-04,2021-08-31,27 days,851.0,1
611,155,2021-05-01,2021-05-25,24 days,939.0,1
612,486,2021-05-10,2021-05-12,2 days,724.0,1
613,682,2021-05-23,2021-06-07,15 days,1226.0,1
614,732,2021-04-18,2021-05-03,15 days,1152.0,0
615,690,2021-01-31,2021-02-10,10 days,1213.0,0
616,21,2021-05-13,2021-05-14,1 days,869.0,1
617,371,2021-08-30,2021-09-07,8 days,1063.0,0
618,882,2021-08-01,2021-08-26,25 days,,0
619,225,2021-02-25,2021-03-04,7 days,473.0,0
620,614,2021-07-19,2021-08-01,13 days,1060.0,1
621,102,2021-07-16,2021-08-07,22 days,640.0,1
622,587,2021-05-16,2021-06-07,22 days,980.0,1
623,808,2021-10-20,2021-10-30,10 days,390.0,0
624,398,2021-03-19,2021-04-08,20 days,1764.0,1
625,233,2021-07-17,2021-07-28,11 days,632.0,1
626,348,2021-09-30,2021-10-17,17 days,684.0,0
627,680,2021-04-03,2021-04-08,5 days,304.0,1
628,534,2021-09-08,2021-09-28,20 days,1680.0,0
629,904,2021-08-07,2021-08-20,13 days,1014.0,1
630,644,2021-01-12,2021-01-31,19 days,1266.0,0
631,460,2021-04-14,2021-05-08,24 days,797.0,1
632,952,2021-04-11,2021-04-17,6 days,1018.0,1
633,183,2021-07-02,2021-07-13,11 days,1431.0,1
634,327,2021-10-13,2021-10-23,10 days,2088.0,0
635,50,2021-07-15,2021-08-05,21 days,1089.0,1
636,793,2021-04-02,2021-04-07,5 days,668.0,1
637,886,2021-08-06,2021-08-18,12 days,806.0,1
638,548,2021-10-03,2021-10-17,14 days,1605.0,0
639,906,2021-03-30,2021-04-22,23 days,876.0,1
640,873,2021-01-23,2021-01-26,3 days,106.0,1
641,20,2021-03-10,2021-03-22,12 days,819.0,0
642,835,2021-01-11,2021-01-26,15 days,1781.0,1
643,778,2021-05-18,2021-05-24,6 days,1782.0,0
644,207,2021-03-13,2021-03-22,9 days,970.0,0
645,794,2021-08-19,2021-09-13,25 days,1670.0,1
646,369,2021-05-08,2021-05-28,20 days,737.0,1
647,439,2021-02-06,2021-02-11,5 days,823.0,1
648,522,2021-07-16,2021-07-19,3 days,990.0,1
649,840,2021-07-28,2021-08-16,19 days,1159.0,1
650,739,2021-01-02,2021-01-15,13 days,1132.0,1
651,581,2021-05-22,2021-05-25,3 days,1688.0,1
652,691,2021-03-09,2021-03-27,18 days,724.0,0
653,629,2021-02-19,2021-03-18,27 days,1380.0,0
654,417,2021-08-18,2021-08-30,12 days,585.0,1
655,333,2021-05-25,2021-06-06,12 days,960.0,1
656,907,2021-03-22,2021-03-23,1 days,627.0,1
657,479,2021-07-22,2021-07-28,6 days,529.0,1
658,201,2021-05-23,2021-06-05,13 days,1520.0,0
659,328,2021-09-30,2021-10-15,15 days,576.0,0
660,787,2021-08-16,2021-08-25,9 days,797.0,1
661,427,2021-09-14,2021-09-17,3 days,1196.0,0
662,924,2021-09-19,2021-09-29,10 days,1287.0,0
663,836,2021-04-09,2021-04-10,1 days,603.0,1
664,21,2021-01-07,2021-01-20,13 days,222.0,1
665,176,2021-03-10,2021-03-26,16 days,412.0,1
666,456,2021-08-25,2021-09-11,17 days,1030.0,1
667,737,2021-03-23,2021-03-28,5 days,1316.0,1
668,22,2021-03-15,2021-03-30,15 days,2539.0,1
669,247,2021-06-18,2021-07-02,14 days,421.0,1
670,1,2021-03-06,2021-04-01,26 days,749.0,1
671,156,2021-06-22,2021-07-08,16 days,1290.0,1
672,677,2021-02-12,2021-02-25,13 days,1452.0,1
673,326,2021-02-05,2021-02-19,14 days,1448.0,1
674,300,2021-01-29,2021-02-05,7 days,1431.0,1
675,896,2021-06-05,2021-06-13,8 days,1708.0,1
676,889,2021-09-24,2021-10-11,17 days,912.0,0
677,267,2021-07-05,2021-07-08,3 days,1502.0,1
678,711,2021-04-28,2021-05-14,16 days,605.0,1
679,308,2021-03-05,2021-03-22,17 days,858.0,0
680,800,2021-05-04,2021-05-22,18 days,511.0,0
681,463,2021-10-10,2021-10-19,9 days,859.0,0
682,454,2021-02-28,2021-03-18,18 days,1024.0,0
683,276,2021-01-01,2021-01-05,4 days,1163.0,1
684,956,2021-10-12,2021-10-17,5 days,353.0,0
685,851,2021-08-06,2021-08-21,15 days,383.0,1
686,799,2021-06-14,2021-06-15,1 days,708.0,0
687,341,2021-03-30,2021-04-12,13 days,1162.0,1
688,574,2021-03-08,2021-03-29,21 days,963.0,0
689,884,2021-10-03,2021-10-28,25 days,1299.0,0
690,941,2021-10-05,2021-10-26,21 days,815.0,0
691,78,2021-04-03,2021-04-19,16 days,997.0,1
692,697,2021-06-18,2021-07-05,17 days,740.0,1
693,714,2021-04-29,2021-05-16,17 days,1587.0,1
694,634,2021-04-17,2021-05-11,24 days,1755.0,1
695,92,2021-07-01,2021-07-20,19 days,857.0,1
696,230,2021-09-01,2021-09-27,26 days,873.0,0
697,830,2021-07-20,2021-07-28,8 days,1229.0,0
698,821,2021-05-19,2021-06-13,25 days,1683.0,1
699,311,2021-01-29,2021-02-12,14 days,1815.0,1
700,788,2021-07-01,2021-07-26,25 days,1311.0,1
701,659,2021-08-28,2021-09-10,13 days,847.0,0
702,310,2021-06-23,2021-07-14,21 days,1534.0,1
703,327,2021-02-07,2021-02-28,21 days,763.0,0
704,260,2021-07-21,2021-07-27,6 days,941.0,1
705,107,2021-01-14,2021-01-25,11 days,2495.0,0
706,844,2021-07-20,2021-07-21,1 days,685.0,1
707,589,2021-05-12,2021-05-18,6 days,1866.0,0
708,687,2021-10-24,2021-11-10,17 days,1122.0,0
709,772,2021-06-17,2021-07-13,26 days,924.0,1
710,134,2021-02-07,2021-02-08,1 days,605.0,1
711,228,2021-06-22,2021-07-08,16 days,1018.0,1
712,474,2021-08-18,2021-08-29,11 days,1529.0,1
713,241,2021-07-14,2021-08-09,26 days,1043.0,1
714,50,2021-02-07,2021-02-19,12 days,1475.0,1
715,225,2021-10-19,2021-11-12,24 days,1414.0,0
716,502,2021-07-31,2021-08-26,26 days,1401.0,1
717,696,2021-03-11,2021-04-05,25 days,1096.0,1
718,665,2021-05-13,2021-05-20,7 days,2082.0,1
719,387,2021-09-19,2021-09-24,5 days,1823.0,0
720,465,2021-03-12,2021-03-23,11 days,944.0,1
721,755,2021-08-28,2021-09-04,7 days,1178.0,0
722,401,2021-10-24,2021-11-20,27 days,941.0,0
723,135,2021-10-03,2021-10-16,13 days,1030.0,0
724,394,2021-03-04,2021-03-28,24 days,1691.0,1
725,674,2021-09-26,2021-10-05,9 days,808.0,0
726,447,2021-09-15,2021-10-05,20 days,408.0,0
727,852,2021-05-01,2021-05-18,17 days,273.0,1
728,526,2021-08-29,2021-08-30,1 days,1035.0,0
729,1,2021-02-18,2021-03-01,11 days,392.0,1
730,88,2021-06-20,2021-07-10,20 days,1356.0,1
731,214,2021-06-21,2021-07-02,11 days,621.0,1
732,40,2021-05-09,2021-05-29,20 days,571.0,1
733,387,2021-05-26,2021-06-22,27 days,932.0,0
734,623,2021-01-25,2021-01-31,6 days,2455.0,0
735,754,2021-10-03,2021-10-16,13 days,1303.0,0
736,793,2021-04-10,2021-05-03,23 days,1285.0,1
737,453,2021-05-26,2021-05-30,4 days,1733.0,1
738,144,2021-07-16,2021-08-09,24 days,998.0,1
739,211,2021-09-14,2021-09-23,9 days,688.0,0
740,178,2021-02-05,2021-02-10,5 days,1079.0,1
741,710,2021-02-03,2021-02-17,14 days,369.0,1
742,750,2021-10-21,2021-11-01,11 days,1152.0,0
743,909,2021-03-25,2021-03-27,2 days,912.0,1
744,107,2021-01-25,2021-02-14,20 days,1120.0,0
745,643,2021-03-21,2021-04-01,11 days,2010.0,1
746,445,2021-06-19,2021-06-27,8 days,1462.0,1
747,299,2021-05-11,2021-05-28,17 days,656.0,1
748,27,2021-05-16,2021-06-06,21 days,1265.0,1
749,693,2021-09-20,2021-09-24,4 days,1158.0,0
750,758,2021-02-19,2021-03-01,10 days,1891.0,0
751,254,2021-06-20,2021-07-06,16 days,1347.0,1
752,535,2021-10-08,2021-10-12,4 days,1073.0,0
753,40,2021-02-20,2021-02-28,8 days,546.0,1
754,778,2021-06-30,2021-07-23,23 days,1347.0,0
755,123,2021-04-11,2021-05-06,25 days,1450.0,0
756,318,2021-03-19,2021-03-29,10 days,343.0,1
757,632,2021-06-03,2021-06-15,12 days,300.0,0
758,781,2021-03-27,2021-04-21,25 days,860.0,1
759,857,2021-06-06,2021-07-03,27 days,1068.0,1
760,207,2021-07-09,2021-07-11,2 days,1098.0,0
761,198,2021-10-03,2021-10-25,22 days,417.0,0
762,83,2021-08-13,2021-08-20,7 days,1240.0,1
763,974,2021-03-18,2021-04-05,18 days,797.0,1
764,955,2021-09-16,2021-10-04,18 days,1685.0,0
765,660,2021-01-15,2021-02-01,17 days,719.0,1
766,929,2021-08-06,2021-08-15,9 days,1229.0,1
767,169,2021-04-28,2021-04-30,2 days,858.0,1
768,558,2021-09-29,2021-10-16,17 days,1355.0,0
769,422,2021-09-10,2021-10-04,24 days,188.0,0
770,868,2021-02-06,2021-02-28,22 days,654.0,1
771,970,2021-06-06,2021-06-18,12 days,505.0,1
772,573,2021-06-07,2021-06-27,20 days,809.0,1
773,998,2021-07-19,2021-08-07,19 days,1005.0,1
774,416,2021-06-23,2021-07-13,20 days,660.0,0
775,348,2021-06-11,2021-07-05,24 days,1055.0,0
776,265,2021-09-02,2021-09-27,25 days,743.0,0
777,431,2021-01-16,2021-02-09,24 days,1855.0,1
778,42,2021-01-24,2021-02-07,14 days,1099.0,1
779,698,2021-07-07,2021-07-21,14 days,1772.0,1
780,100,2021-01-27,2021-01-29,2 days,1051.0,1
781,465,2021-08-21,2021-09-11,21 days,1076.0,1
782,872,2021-03-07,2021-03-23,16 days,1085.0,1
783,683,2021-01-17,2021-01-19,2 days,781.0,1
784,436,2021-03-14,2021-04-04,21 days,1080.0,1
785,445,2021-03-22,2021-04-02,11 days,1693.0,1
786,472,2021-05-02,2021-05-08,6 days,1380.0,1
787,44,2021-07-18,2021-07-31,13 days,1194.0,1
788,108,2021-10-08,2021-10-13,5 days,1215.0,0
789,762,2021-10-11,2021-11-03,23 days,736.0,0
790,187,2021-05-16,2021-05-27,11 days,1998.0,1
791,476,2021-05-05,2021-05-21,16 days,1119.0,1
792,240,2021-07-16,2021-08-12,27 days,1896.0,0
793,258,2021-01-27,2021-02-03,7 days,1556.0,1
794,418,2021-04-18,2021-05-08,20 days,1568.0,1
795,427,2021-06-07,2021-06-30,23 days,522.0,0
796,592,2021-07-31,2021-08-06,6 days,295.0,1
797,908,2021-07-25,2021-08-06,12 days,1367.0,0
798,825,2021-03-17,2021-04-01,15 days,881.0,1
799,651,2021-03-11,2021-04-04,24 days,937.0,1
800,422,2021-06-21,2021-06-23,2 days,989.0,0
801,995,2021-08-02,2021-08-17,15 days,2140.0,1
802,501,2021-10-05,2021-10-23,18 days,238.0,0
803,625,2021-04-03,2021-04-16,13 days,950.0,1
804,323,2021-04-10,2021-04-21,11 days,1571.0,1
805,416,2021-10-02,2021-10-03,1 days,1397.0,0
806,684,2021-08-01,2021-08-16,15 days,456.0,1
807,636,2021-02-17,2021-03-03,14 days,572.0,1
808,219,2021-10-13,2021-10-30,17 days,921.0,0
809,73,2021-02-11,2021-02-25,14 days,876.0,1
810,768,2021-03-22,2021-04-04,13 days,2136.0,1
811,764,2021-10-22,2021-10-24,2 days,616.0,0
812,183,2021-07-09,2021-07-13,4 days,805.0,1
813,908,2021-08-11,2021-09-01,21 days,2032.0,0
814,664,2021-03-04,2021-03-28,24 days,1888.0,0
815,572,2021-05-02,2021-05-17,15 days,1612.0,1
816,620,2021-02-02,2021-02-06,4 days,982.0,1
817,944,2021-06-27,2021-07-05,8 days,810.0,1
818,865,2021-03-15,2021-04-10,26 days,400.0,1
819,461,2021-01-19,2021-01-22,3 days,890.0,1
820,801,2021-09-25,2021-10-03,8 days,1062.0,0
821,118,2021-01-03,2021-01-10,7 days,788.0,1
822,524,2021-09-05,2021-09-12,7 days,726.0,0
823,223,2021-04-29,2021-05-04,5 days,,0
824,724,2021-01-04,2021-01-28,24 days,592.0,1
825,787,2021-01-27,2021-02-22,26 days,1015.0,1
826,375,2021-08-16,2021-09-06,21 days,294.0,1
827,292,2021-05-09,2021-06-05,27 days,1472.0,1
828,601,2021-01-09,2021-01-27,18 days,859.0,1
829,951,2021-04-06,2021-04-28,22 days,840.0,1
830,956,2021-03-22,2021-03-23,1 days,1106.0,0
831,338,2021-08-04,2021-08-20,16 days,980.0,1
832,627,2021-09-06,2021-09-27,21 days,95.0,0
833,317,2021-03-03,2021-03-20,17 days,1030.0,1
834,139,2021-02-23,2021-03-08,13 days,923.0,1
835,106,2021-01-02,2021-01-07,5 days,1057.0,1
836,971,2021-08-18,2021-08-24,6 days,506.0,1
837,989,2021-01-12,2021-01-27,15 days,1098.0,1
838,946,2021-01-02,2021-01-15,13 days,636.0,1
839,306,2021-09-16,2021-09-27,11 days,2235.0,0
840,183,2021-06-30,2021-07-08,8 days,1138.0,1
841,348,2021-06-29,2021-07-12,13 days,1154.0,0
842,310,2021-01-10,2021-01-29,19 days,855.0,1
843,956,2021-07-03,2021-07-09,6 days,1914.0,0
844,35,2021-09-26,2021-10-18,22 days,1148.0,0
845,457,2021-04-25,2021-05-22,27 days,1199.0,1
846,515,2021-09-17,2021-10-10,23 days,226.0,0
847,566,2021-10-19,2021-11-04,16 days,495.0,0
848,813,2021-09-24,2021-10-14,20 days,2236.0,0
849,882,2021-08-11,2021-09-01,21 days,948.0,0
850,254,2021-04-08,2021-04-27,19 days,1144.0,1
851,365,2021-04-23,2021-05-02,9 days,755.0,1
852,102,2021-04-11,2021-05-08,27 days,1108.0,1
853,653,2021-09-27,2021-10-18,21 days,1485.0,0
854,680,2021-08-10,2021-08-27,17 days,312.0,1
855,620,2021-01-26,2021-02-02,7 days,1025.0,1
856,289,2021-01-13,2021-01-22,9 days,1234.0,1
857,577,2021-09-01,2021-09-10,9 days,1141.0,0
858,987,2021-03-16,2021-03-27,11 days,1300.0,1
859,269,2021-03-26,2021-04-09,14 days,697.0,1
860,570,2021-04-09,2021-05-04,25 days,790.0,1
861,315,2021-05-31,2021-06-20,20 days,741.0,1
862,984,2021-10-11,2021-10-20,9 days,575.0,0
863,81,2021-05-10,2021-05-18,8 days,920.0,1
864,414,2021-03-29,2021-04-17,19 days,530.0,1
865,490,2021-07-27,2021-07-30,3 days,270.0,1
866,88,2021-04-11,2021-04-21,10 days,721.0,1
867,342,2021-03-23,2021-04-07,15 days,715.0,1
868,937,2021-03-31,2021-04-03,3 days,507.0,1
869,605,2021-09-25,2021-10-20,25 days,1731.0,0
870,647,2021-08-01,2021-08-12,11 days,1249.0,1
871,550,2021-09-24,2021-10-08,14 days,390.0,0
872,954,2021-09-26,2021-10-14,18 days,1794.0,0
873,100,2021-04-25,2021-05-07,12 days,673.0,1
874,557,2021-03-25,2021-04-10,16 days,1807.0,1
875,383,2021-02-26,2021-02-27,1 days,674.0,1
876,566,2021-05-20,2021-05-24,4 days,1245.0,0
877,558,2021-07-14,2021-08-02,19 days,708.0,0
878,470,2021-03-31,2021-04-20,20 days,443.0,1
879,370,2021-10-11,2021-10-20,9 days,364.0,0
880,872,2021-02-19,2021-03-16,25 days,1237.0,1
881,318,2021-02-18,2021-03-10,20 days,1453.0,1
882,821,2021-07-05,2021-07-07,2 days,1351.0,1
883,360,2021-02-27,2021-03-05,6 days,1432.0,1
884,62,2021-08-16,2021-09-08,23 days,2025.0,0
885,16,2021-10-18,2021-11-13,26 days,1256.0,0
886,898,2021-09-22,2021-10-18,26 days,1265.0,0
887,669,2021-01-27,2021-02-20,24 days,857.0,1
888,108,2021-04-20,2021-05-03,13 days,238.0,0
889,332,2021-07-31,2021-08-11,11 days,200.0,1
890,649,2021-06-21,2021-07-07,16 days,2264.0,1
891,350,2021-08-12,2021-08-14,2 days,1286.0,1
892,586,2021-04-09,2021-04-11,2 days,212.0,1
893,854,2021-03-06,2021-03-14,8 days,1154.0,1
894,1000,2021-10-11,2021-10-13,2 days,1483.0,0
895,664,2021-07-26,2021-08-15,20 days,1143.0,0
896,446,2021-03-14,2021-03-31,17 days,945.0,1
897,278,2021-08-26,2021-09-17,22 days,1826.0,0
898,465,2021-06-30,2021-07-04,4 days,1379.0,1
899,408,2021-08-04,2021-08-14,10 days,1085.0,1
900,409,2021-07-07,2021-07-24,17 days,1335.0,1
901,305,2021-05-05,2021-05-06,1 days,887.0,1
902,553,2021-01-12,2021-01-15,3 days,996.0,0
903,789,2021-01-05,2021-01-21,16 days,1117.0,1
904,980,2021-03-24,2021-04-07,14 days,1257.0,0
905,439,2021-01-11,2021-01-23,12 days,698.0,1
906,870,2021-01-21,2021-02-04,14 days,863.0,1
907,971,2021-08-15,2021-08-17,2 days,380.0,1
908,422,2021-03-15,2021-04-08,24 days,2093.0,0
909,465,2021-07-18,2021-08-09,22 days,1408.0,1
910,738,2021-01-27,2021-02-06,10 days,1136.0,1
911,189,2021-08-23,2021-09-06,14 days,499.0,0
912,780,2021-08-23,2021-09-09,17 days,279.0,1
913,597,2021-04-03,2021-04-19,16 days,427.0,1
914,577,2021-05-09,2021-05-12,3 days,506.0,0
915,266,2021-04-17,2021-05-04,17 days,1428.0,1
916,189,2021-10-12,2021-10-19,7 days,295.0,0
917,750,2021-01-02,2021-01-12,10 days,109.0,0
918,965,2021-03-07,2021-04-03,27 days,524.0,1
919,97,2021-06-29,2021-07-21,22 days,96.0,1
920,703,2021-07-26,2021-08-16,21 days,1730.0,0
921,418,2021-02-17,2021-02-18,1 days,690.0,1
922,703,2021-10-10,2021-11-02,23 days,497.0,0
923,767,2021-07-05,2021-07-26,21 days,1492.0,0
924,786,2021-04-04,2021-04-18,14 days,519.0,1
925,272,2021-07-16,2021-08-12,27 days,927.0,0
926,123,2021-02-08,2021-02-18,10 days,1313.0,0
927,963,2021-08-02,2021-08-06,4 days,1132.0,1
928,801,2021-10-14,2021-10-19,5 days,953.0,0
929,397,2021-01-31,2021-02-06,6 days,748.0,1
930,150,2021-06-22,2021-06-30,8 days,721.0,1
931,502,2021-06-04,2021-06-19,15 days,292.0,1
932,45,2021-08-22,2021-08-23,1 days,399.0,1
933,595,2021-04-28,2021-05-20,22 days,1173.0,1
934,736,2021-04-03,2021-04-21,18 days,1054.0,1
935,129,2021-07-01,2021-07-16,15 days,1690.0,0
936,148,2021-07-16,2021-08-01,16 days,2376.0,1
937,72,2021-06-04,2021-06-25,21 days,569.0,1
938,128,2021-06-12,2021-06-28,16 days,1503.0,1
939,432,2021-04-02,2021-04-21,19 days,1210.0,1
940,813,2021-09-11,2021-10-04,23 days,2289.0,0
941,662,2021-09-30,2021-10-05,5 days,621.0,0
942,282,2021-06-09,2021-06-10,1 days,869.0,1
943,76,2021-02-22,2021-03-14,20 days,529.0,1
944,774,2021-07-17,2021-08-09,23 days,234.0,0
945,54,2021-07-04,2021-07-22,18 days,1058.0,1
946,455,2021-04-20,2021-05-13,23 days,400.0,1
947,49,2021-06-24,2021-07-02,8 days,291.0,0
948,35,2021-08-24,2021-09-02,9 days,492.0,0
949,244,2021-02-02,2021-02-17,15 days,1198.0,1
950,328,2021-10-16,2021-10-31,15 days,858.0,0
951,515,2021-09-30,2021-10-23,23 days,833.0,0
952,883,2021-08-05,2021-08-25,20 days,1372.0,1
953,733,2021-04-18,2021-04-26,8 days,1781.0,1
954,370,2021-03-28,2021-04-15,18 days,1801.0,0
955,209,2021-01-20,2021-02-05,16 days,932.0,1
956,549,2021-05-18,2021-06-07,20 days,1271.0,0
957,740,2021-08-20,2021-08-30,10 days,288.0,1
958,577,2021-06-21,2021-07-01,10 days,289.0,0
959,565,2021-01-17,2021-02-10,24 days,948.0,1
960,362,2021-09-19,2021-10-07,18 days,1338.0,0
961,717,2021-03-19,2021-04-15,27 days,699.0,1
962,657,2021-02-09,2021-02-18,9 days,1633.0,1
963,108,2021-06-18,2021-07-14,26 days,1378.0,0
964,367,2021-07-08,2021-07-16,8 days,309.0,0
965,69,2021-07-24,2021-07-29,5 days,1234.0,1
966,639,2021-02-25,2021-03-10,13 days,2550.0,1
967,306,2021-10-11,2021-11-07,27 days,1096.0,0
968,765,2021-03-14,2021-04-03,20 days,1667.0,1
969,639,2021-05-22,2021-05-25,3 days,688.0,1
970,382,2021-01-04,2021-01-23,19 days,2390.0,1
971,272,2021-08-26,2021-09-12,17 days,721.0,0
972,117,2021-07-22,2021-08-08,17 days,1824.0,1
973,232,2021-09-04,2021-09-24,20 days,499.0,0
974,221,2021-01-22,2021-02-18,27 days,1282.0,1
975,316,2021-01-18,2021-01-30,12 days,655.0,1
976,778,2021-10-15,2021-11-04,20 days,818.0,0
977,463,2021-04-23,2021-05-06,13 days,877.0,0
978,827,2021-04-24,2021-05-18,24 days,1181.0,1
979,813,2021-04-07,2021-04-21,14 days,444.0,0
980,84,2021-10-19,2021-11-14,26 days,1450.0,0
981,830,2021-10-02,2021-10-12,10 days,1420.0,0
982,123,2021-03-30,2021-04-07,8 days,1024.0,0
983,677,2021-07-12,2021-07-14,2 days,1217.0,1
984,359,2021-09-23,2021-09-30,7 days,2074.0,0
985,581,2021-02-07,2021-02-09,2 days,1093.0,1
986,116,2021-08-02,2021-08-15,13 days,685.0,1
987,247,2021-07-13,2021-08-09,27 days,1137.0,1
988,496,2021-02-04,2021-02-16,12 days,1203.0,1
989,595,2021-01-06,2021-01-29,23 days,809.0,1
990,87,2021-08-17,2021-09-06,20 days,1149.0,1
991,493,2021-01-09,2021-01-16,7 days,1239.0,0
992,770,2021-07-23,2021-08-14,22 days,1015.0,1
993,268,2021-03-29,2021-04-11,13 days,1109.0,1
994,920,2021-07-15,2021-07-17,2 days,836.0,1
995,15,2021-04-14,2021-04-28,14 days,1127.0,1
996,345,2021-01-13,2021-02-02,20 days,1459.0,1
997,346,2021-01-18,2021-01-31,13 days,204.0,1
998,407,2021-05-05,2021-05-21,16 days,1352.0,1
999,428,2021-06-15,2021-07-12,27 days,440.0,1
1000,896,2021-04-07,2021-04-24,17 days,,1
