product_name,product_type,unit_profitability,total_sold,total_revenue,avg_customer_age,gender_ratio,region_popularity,repeat_purchase_rate,avg_order_value,cluster,cluster_label
Denim,Jacket,99.42884250474384,527,52399,32.75,0.25,4,0.0,240.75,3,Düşüşte
Denim,Shirt,99.42884250474384,527,52399,42.666666666666664,0.3333333333333333,3,0.0,153.33333333333334,3,Düşüşte
Denim,Shirt,99.42884250474384,527,52399,49.25,0.25,4,0.0,207.0,3,Düşüşte
Denim,Shirt,99.42884250474384,527,52399,43.0,0.16666666666666666,6,0.0,214.66666666666666,3,Düşüşte
Denim,Jacket,99.42884250474384,527,52399,46.25,0.25,4,0.0,187.25,3,Düşüşte
Denim,Shirt,99.42884250474384,527,52399,51.75,0.125,8,0.0,207.0,3,Düşüşte
Denim,Jacket,99.42884250474384,527,52399,49.333333333333336,0.16666666666666666,6,0.0,231.83333333333334,3,Düşüşte
Denim,Jacket,99.42884250474384,527,52399,50.75,0.25,4,0.0,214.0,3,Düşüşte
Denim,Shirt,99.42884250474384,527,52399,54.833333333333336,0.16666666666666666,6,0.0,168.66666666666666,3,Düşüşte
Denim,Jacket,99.42884250474384,527,52399,56.8,0.0,5,0.0,192.6,3,Düşüşte
Denim,Jacket,99.42884250474384,527,52399,54.857142857142854,0.2857142857142857,7,0.0,183.42857142857142,3,Düşüşte
Denim,Shirt,99.42884250474384,527,52399,48.333333333333336,0.5,6,0.0,199.33333333333334,3,Düşüşte
Denim,Jacket,99.42884250474384,527,52399,45.0,0.0,2,0.0,160.5,3,Düşüşte
Denim,Jacket,99.42884250474384,527,52399,58.166666666666664,0.16666666666666666,6,0.0,214.0,3,Düşüşte
Denim,Shirt,99.42884250474384,527,52399,41.857142857142854,0.14285714285714285,7,0.0,157.71428571428572,3,Düşüşte
Denim,Jacket,99.42884250474384,527,52399,53.5,0.0,4,0.0,187.25,3,Düşüşte
Denim,Jacket,99.42884250474384,527,52399,53.4,0.0,5,0.0,192.6,3,Düşüşte
Denim,Shirt,99.42884250474384,527,52399,45.57142857142857,0.0,7,0.0,184.0,3,Düşüşte
Denim,Jacket,99.42884250474384,527,52399,46.5,0.16666666666666666,6,0.0,267.5,3,Düşüşte
Denim,Shirt,99.42884250474384,527,52399,50.75,0.0,4,0.0,161.0,3,Düşüşte
Denim,Shirt,99.42884250474384,527,52399,39.5,0.0,4,0.0,184.0,3,Düşüşte
Denim,Shirt,99.42884250474384,527,52399,47.8,0.0,5,0.0,92.0,3,Düşüşte
Denim,Jacket,99.42884250474384,527,52399,54.0,0.0,5,0.0,235.4,3,Düşüşte
Denim,Shirt,99.42884250474384,527,52399,49.5,0.5,2,0.0,184.0,3,Düşüşte
Denim,Jacket,99.42884250474384,527,52399,36.75,0.0,4,0.0,187.25,3,Düşüşte
Denim,Shirt,99.42884250474384,527,52399,44.2,0.2,5,0.0,165.6,3,Düşüşte
Denim,Jacket,99.42884250474384,527,52399,78.0,0.0,1,0.0,107.0,3,Düşüşte
Denim,Jacket,99.42884250474384,527,52399,26.0,1.0,1,0.0,214.0,3,Düşüşte
Denim,Shirt,99.42884250474384,527,52399,63.4,0.4,5,0.0,202.4,3,Düşüşte
Denim,Shirt,99.42884250474384,527,52399,43.125,0.125,8,0.0,138.0,3,Düşüşte
Denim,Shirt,99.42884250474384,527,52399,42.0,0.0,2,0.0,92.0,3,Düşüşte
Denim,Jacket,99.42884250474384,527,52399,41.625,0.125,8,0.0,160.5,3,Düşüşte
Denim,Shirt,99.42884250474384,527,52399,49.0,0.0,2,0.0,184.0,3,Düşüşte
Denim,Jacket,99.42884250474384,527,52399,31.75,0.25,4,0.0,160.5,3,Düşüşte
Denim,Jacket,99.42884250474384,527,52399,58.2,0.0,5,0.0,192.6,3,Düşüşte
Denim,Shirt,99.42884250474384,527,52399,57.285714285714285,0.0,7,0.0,184.0,3,Düşüşte
Denim,Jacket,99.42884250474384,527,52399,52.0,0.0,2,0.0,267.5,3,Düşüşte
Denim,Shirt,99.42884250474384,527,52399,59.0,0.0,2,0.0,184.0,3,Düşüşte
Denim,Shirt,99.42884250474384,527,52399,48.5,0.0,4,0.0,161.0,3,Düşüşte
Denim,Shirt,99.42884250474384,527,52399,54.25,0.25,4,0.0,184.0,3,Düşüşte
Denim,Jacket,99.42884250474384,527,52399,43.6,0.0,5,0.0,256.8,3,Düşüşte
Denim,Jacket,99.42884250474384,527,52399,56.333333333333336,0.0,3,0.0,249.66666666666666,3,Düşüşte
Denim,Jacket,99.42884250474384,527,52399,40.4,0.0,5,0.0,214.0,3,Düşüşte
Denim,Shirt,99.42884250474384,527,52399,50.0,0.0,3,0.0,122.66666666666667,3,Düşüşte
Denim,Jacket,99.42884250474384,527,52399,46.0,0.0,3,0.0,285.3333333333333,3,Düşüşte
Denim,Jacket,99.42884250474384,527,52399,45.125,0.125,8,0.0,240.75,3,Düşüşte
Denim,Jacket,99.42884250474384,527,52399,46.25,0.25,4,0.0,240.75,3,Düşüşte
Denim,Shirt,99.42884250474384,527,52399,46.666666666666664,0.0,3,0.0,214.66666666666666,3,Düşüşte
Denim,Jacket,99.42884250474384,527,52399,61.0,0.3333333333333333,3,0.0,107.0,3,Düşüşte
Denim,Shirt,99.42884250474384,527,52399,47.5,0.0,4,0.0,184.0,3,Düşüşte
Denim,Shirt,99.42884250474384,527,52399,52.0,0.2,5,0.0,165.6,3,Düşüşte
Denim,Jacket,99.42884250474384,527,52399,48.714285714285715,0.42857142857142855,7,0.0,198.71428571428572,3,Düşüşte
Denim,Jacket,99.42884250474384,527,52399,48.5,0.0,4,0.0,187.25,3,Düşüşte
Denim,Shirt,99.42884250474384,527,52399,54.75,0.5,4,0.0,230.0,3,Düşüşte
Denim,Jacket,99.42884250474384,527,52399,61.0,0.3333333333333333,3,0.0,142.66666666666666,3,Düşüşte
Denim,Shirt,99.42884250474384,527,52399,42.0,0.0,2,0.0,138.0,3,Düşüşte
Denim,Shirt,99.42884250474384,527,52399,31.0,0.0,1,0.0,276.0,3,Düşüşte
Denim,Shirt,99.42884250474384,527,52399,54.0,0.3333333333333333,3,0.0,214.66666666666666,3,Düşüşte
Denim,Jacket,99.42884250474384,527,52399,66.0,0.0,2,0.0,267.5,3,Düşüşte
Denim,Shirt,99.42884250474384,527,52399,47.5,0.0,2,0.0,138.0,3,Düşüşte
Denim,Shirt,99.42884250474384,527,52399,48.4,0.0,5,0.0,165.6,3,Düşüşte
Denim,Shirt,99.42884250474384,527,52399,62.0,0.0,1,0.0,184.0,3,Düşüşte
Denim,Jacket,99.42884250474384,527,52399,42.0,0.3333333333333333,3,0.0,249.66666666666666,3,Düşüşte
Denim,Shirt,99.42884250474384,527,52399,71.5,0.0,2,0.0,184.0,3,Düşüşte
Denim,Jacket,99.42884250474384,527,52399,58.0,1.0,1,0.0,107.0,3,Düşüşte
Denim,Shirt,99.42884250474384,527,52399,71.0,0.0,1,0.0,184.0,3,Düşüşte
Denim,Shirt,99.42884250474384,527,52399,71.5,0.0,2,0.0,184.0,3,Düşüşte
Casual Slim Fit,Shirt,119.0,306,36414,51.666666666666664,0.5,6,0.0,218.16666666666666,1,Ekonomik
Casual Slim Fit,Shirt,119.0,306,36414,41.2,0.4,5,0.0,285.6,1,Ekonomik
Casual Slim Fit,Shirt,119.0,306,36414,43.57142857142857,0.14285714285714285,7,0.0,221.0,1,Ekonomik
Casual Slim Fit,Shirt,119.0,306,36414,60.666666666666664,0.0,6,0.0,277.6666666666667,1,Ekonomik
Casual Slim Fit,Shirt,119.0,306,36414,42.0,0.25,8,0.0,223.125,1,Ekonomik
Casual Slim Fit,Shirt,119.0,306,36414,55.333333333333336,0.0,3,0.0,277.6666666666667,1,Ekonomik
Casual Slim Fit,Shirt,119.0,306,36414,40.5,0.0,6,0.0,198.33333333333334,1,Ekonomik
Casual Slim Fit,Shirt,119.0,306,36414,39.6,0.2,5,0.0,190.4,1,Ekonomik
Casual Slim Fit,Shirt,119.0,306,36414,42.0,0.0,4,0.0,238.0,1,Ekonomik
Casual Slim Fit,Shirt,119.0,306,36414,48.0,0.0,5,0.0,261.8,1,Ekonomik
Casual Slim Fit,Shirt,119.0,306,36414,39.25,0.0,7,0.125,252.875,1,Ekonomik
Casual Slim Fit,Shirt,119.0,306,36414,40.0,0.3333333333333333,3,0.0,238.0,1,Ekonomik
Casual Slim Fit,Shirt,119.0,306,36414,63.666666666666664,0.0,3,0.0,277.6666666666667,1,Ekonomik
Casual Slim Fit,Shirt,119.0,306,36414,57.142857142857146,0.14285714285714285,7,0.0,272.0,1,Ekonomik
Casual Slim Fit,Shirt,119.0,306,36414,65.0,0.5,2,0.0,178.5,2,Çok Satan
Casual Slim Fit,Shirt,119.0,306,36414,50.0,0.0,5,0.0,238.0,1,Ekonomik
Casual Slim Fit,Shirt,119.0,306,36414,49.166666666666664,0.0,6,0.0,277.6666666666667,1,Ekonomik
Casual Slim Fit,Shirt,119.0,306,36414,43.0,0.0,3,0.0,277.6666666666667,1,Ekonomik
Casual Slim Fit,Shirt,119.0,306,36414,50.0,0.0,2,0.0,297.5,1,Ekonomik
Casual Slim Fit,Shirt,119.0,306,36414,46.6,0.0,5,0.0,285.6,1,Ekonomik
Casual Slim Fit,Shirt,119.0,306,36414,47.166666666666664,0.16666666666666666,6,0.0,198.33333333333334,1,Ekonomik
Casual Slim Fit,Shirt,119.0,306,36414,38.75,0.25,4,0.0,208.25,1,Ekonomik
Casual Slim Fit,Shirt,119.0,306,36414,63.0,0.0,8,0.0,208.25,1,Ekonomik
Casual Slim Fit,Shirt,119.0,306,36414,45.714285714285715,0.0,7,0.0,204.0,1,Ekonomik
Casual Slim Fit,Shirt,119.0,306,36414,33.0,0.0,2,0.0,238.0,1,Ekonomik
Casual Slim Fit,Shirt,119.0,306,36414,59.857142857142854,0.14285714285714285,7,0.0,238.0,1,Ekonomik
Casual Slim Fit,Shirt,119.0,306,36414,40.5,0.0,2,0.0,238.0,1,Ekonomik
Casual Slim Fit,Shirt,119.0,306,36414,52.0,0.5,2,0.0,238.0,1,Ekonomik
Casual Slim Fit,Shirt,119.0,306,36414,63.333333333333336,0.3333333333333333,3,0.0,198.33333333333334,1,Ekonomik
Casual Slim Fit,Shirt,119.0,306,36414,41.5,0.25,4,0.0,267.75,1,Ekonomik
Casual Slim Fit,Shirt,119.0,306,36414,47.333333333333336,0.3333333333333333,3,0.0,238.0,1,Ekonomik
Casual Slim Fit,Shirt,119.0,306,36414,20.0,0.0,1,0.0,119.0,1,Ekonomik
Casual Slim Fit,Shirt,119.0,306,36414,53.333333333333336,0.0,3,0.0,158.66666666666666,1,Ekonomik
Casual Slim Fit,Shirt,119.0,306,36414,73.0,0.0,1,0.0,238.0,1,Ekonomik
Casual Slim Fit,Shirt,119.0,306,36414,55.5,0.0,2,0.0,238.0,1,Ekonomik
Shearling,Jacket,117.0,302,35334,50.42857142857143,0.0,7,0.0,284.14285714285717,1,Ekonomik
Shearling,Jacket,117.0,302,35334,45.333333333333336,0.16666666666666666,6,0.0,273.0,1,Ekonomik
Shearling,Jacket,117.0,302,35334,50.25,0.0,4,0.0,351.0,1,Ekonomik
Shearling,Jacket,117.0,302,35334,48.4,0.0,5,0.0,210.6,1,Ekonomik
Shearling,Jacket,117.0,302,35334,51.833333333333336,0.16666666666666666,6,0.0,214.5,1,Ekonomik
Shearling,Jacket,117.0,302,35334,38.0,0.2,5,0.0,234.0,1,Ekonomik
Shearling,Jacket,117.0,302,35334,44.5,0.0,4,0.0,263.25,1,Ekonomik
Shearling,Jacket,117.0,302,35334,63.0,0.0,1,0.0,351.0,1,Ekonomik
Shearling,Jacket,117.0,302,35334,47.857142857142854,0.42857142857142855,7,0.0,300.85714285714283,1,Ekonomik
Shearling,Jacket,117.0,302,35334,57.5,0.0,4,0.0,234.0,1,Ekonomik
Shearling,Jacket,117.0,302,35334,54.25,0.0,4,0.0,204.75,1,Ekonomik
Shearling,Jacket,117.0,302,35334,53.142857142857146,0.0,7,0.0,267.42857142857144,1,Ekonomik
Shearling,Jacket,117.0,302,35334,45.0,0.14285714285714285,7,0.0,183.85714285714286,1,Ekonomik
Shearling,Jacket,117.0,302,35334,44.285714285714285,0.2857142857142857,7,0.0,200.57142857142858,1,Ekonomik
Shearling,Jacket,117.0,302,35334,63.333333333333336,0.3333333333333333,3,0.0,234.0,1,Ekonomik
Shearling,Jacket,117.0,302,35334,41.375,0.125,8,0.0,146.25,1,Ekonomik
Shearling,Jacket,117.0,302,35334,53.25,0.0,4,0.0,234.0,1,Ekonomik
Shearling,Jacket,117.0,302,35334,46.5,0.0,2,0.0,117.0,1,Ekonomik
Shearling,Jacket,117.0,302,35334,43.75,0.25,4,0.0,234.0,1,Ekonomik
Shearling,Jacket,117.0,302,35334,48.8,0.2,5,0.0,257.4,1,Ekonomik
Shearling,Jacket,117.0,302,35334,40.0,0.0,3,0.0,156.0,1,Ekonomik
Shearling,Jacket,117.0,302,35334,34.0,1.0,3,0.0,234.0,2,Çok Satan
Shearling,Jacket,117.0,302,35334,41.0,0.0,2,0.0,234.0,1,Ekonomik
Shearling,Jacket,117.0,302,35334,33.666666666666664,0.0,3,0.0,156.0,1,Ekonomik
Shearling,Jacket,117.0,302,35334,51.25,0.0,4,0.0,204.75,1,Ekonomik
Shearling,Jacket,117.0,302,35334,44.0,0.0,3,0.0,312.0,1,Ekonomik
Shearling,Jacket,117.0,302,35334,38.5,0.0,2,0.0,292.5,1,Ekonomik
Shearling,Jacket,117.0,302,35334,37.0,0.3333333333333333,3,0.0,234.0,1,Ekonomik
Shearling,Jacket,117.0,302,35334,56.0,0.0,7,0.0,250.71428571428572,1,Ekonomik
Shearling,Jacket,117.0,302,35334,39.0,0.25,4,0.0,204.75,1,Ekonomik
Shearling,Jacket,117.0,302,35334,33.0,0.5,2,0.0,234.0,1,Ekonomik
Shearling,Jacket,117.0,302,35334,60.285714285714285,0.2857142857142857,7,0.0,250.71428571428572,1,Ekonomik
Shearling,Jacket,117.0,302,35334,53.5,0.0,2,0.0,117.0,1,Ekonomik
Shearling,Jacket,117.0,302,35334,61.8,0.0,5,0.0,304.2,1,Ekonomik
Trench Coat,Jacket,119.0,299,35581,52.0,0.25,4,0.0,178.5,1,Ekonomik
Trench Coat,Jacket,119.0,299,35581,59.833333333333336,0.3333333333333333,6,0.0,178.5,1,Ekonomik
Trench Coat,Jacket,119.0,299,35581,44.333333333333336,0.0,3,0.0,158.66666666666666,1,Ekonomik
Trench Coat,Jacket,119.0,299,35581,48.75,0.25,4,0.0,267.75,1,Ekonomik
Trench Coat,Jacket,119.0,299,35581,51.0,0.3333333333333333,3,0.0,238.0,1,Ekonomik
Trench Coat,Jacket,119.0,299,35581,45.0,0.25,4,0.0,267.75,1,Ekonomik
Trench Coat,Jacket,119.0,299,35581,43.333333333333336,0.16666666666666666,6,0.0,238.0,1,Ekonomik
Trench Coat,Jacket,119.0,299,35581,72.33333333333333,0.0,3,0.0,357.0,1,Ekonomik
Trench Coat,Jacket,119.0,299,35581,44.375,0.0,8,0.0,312.375,1,Ekonomik
Trench Coat,Jacket,119.0,299,35581,72.33333333333333,0.0,3,0.0,238.0,1,Ekonomik
Trench Coat,Jacket,119.0,299,35581,49.833333333333336,0.16666666666666666,6,0.0,238.0,1,Ekonomik
Trench Coat,Jacket,119.0,299,35581,36.857142857142854,0.0,7,0.0,187.0,1,Ekonomik
Trench Coat,Jacket,119.0,299,35581,68.66666666666667,0.0,3,0.0,357.0,1,Ekonomik
Trench Coat,Jacket,119.0,299,35581,54.75,0.0,4,0.0,238.0,1,Ekonomik
Trench Coat,Jacket,119.0,299,35581,44.6,0.2,5,0.0,238.0,1,Ekonomik
Trench Coat,Jacket,119.0,299,35581,47.166666666666664,0.0,6,0.0,257.8333333333333,1,Ekonomik
Trench Coat,Jacket,119.0,299,35581,50.0,0.4,5,0.0,285.6,1,Ekonomik
Trench Coat,Jacket,119.0,299,35581,53.833333333333336,0.0,6,0.0,218.16666666666666,1,Ekonomik
Trench Coat,Jacket,119.0,299,35581,59.875,0.0,7,0.125,282.625,1,Ekonomik
Trench Coat,Jacket,119.0,299,35581,79.0,0.0,1,0.0,238.0,1,Ekonomik
Trench Coat,Jacket,119.0,299,35581,59.0,0.25,8,0.0,238.0,1,Ekonomik
Trench Coat,Jacket,119.0,299,35581,49.6,0.0,5,0.0,214.2,1,Ekonomik
Trench Coat,Jacket,119.0,299,35581,50.4,0.0,5,0.0,261.8,1,Ekonomik
Trench Coat,Jacket,119.0,299,35581,61.75,0.0,4,0.0,267.75,1,Ekonomik
Trench Coat,Jacket,119.0,299,35581,61.666666666666664,0.3333333333333333,3,0.0,277.6666666666667,1,Ekonomik
Trench Coat,Jacket,119.0,299,35581,27.0,0.0,1,0.0,238.0,1,Ekonomik
Trench Coat,Jacket,119.0,299,35581,46.666666666666664,0.0,6,0.0,238.0,1,Ekonomik
Trench Coat,Jacket,119.0,299,35581,59.0,0.0,2,0.0,119.0,1,Ekonomik
Trench Coat,Jacket,119.0,299,35581,29.333333333333332,0.0,3,0.0,198.33333333333334,1,Ekonomik
Trench Coat,Jacket,119.0,299,35581,64.75,0.0,4,0.0,148.75,1,Ekonomik
Trench Coat,Jacket,119.0,299,35581,47.0,0.3333333333333333,3,0.0,238.0,1,Ekonomik
Trench Coat,Jacket,119.0,299,35581,48.0,0.25,4,0.0,267.75,1,Ekonomik
Trench Coat,Jacket,119.0,299,35581,45.666666666666664,0.0,3,0.0,317.3333333333333,1,Ekonomik
Puffer,Jacket,118.0,298,35164,52.5,0.0,6,0.0,196.66666666666666,1,Ekonomik
Puffer,Jacket,118.0,298,35164,50.666666666666664,0.3333333333333333,3,0.0,236.0,1,Ekonomik
Puffer,Jacket,118.0,298,35164,59.833333333333336,0.0,6,0.0,196.66666666666666,1,Ekonomik
Puffer,Jacket,118.0,298,35164,56.666666666666664,0.1111111111111111,9,0.0,262.22222222222223,1,Ekonomik
Puffer,Jacket,118.0,298,35164,42.75,0.25,4,0.0,177.0,1,Ekonomik
Puffer,Jacket,118.0,298,35164,29.75,0.25,4,0.0,295.0,1,Ekonomik
Puffer,Jacket,118.0,298,35164,45.75,0.25,4,0.0,236.0,1,Ekonomik
Puffer,Jacket,118.0,298,35164,41.333333333333336,0.0,3,0.0,236.0,1,Ekonomik
Puffer,Jacket,118.0,298,35164,28.0,0.0,3,0.0,196.66666666666666,1,Ekonomik
Puffer,Jacket,118.0,298,35164,47.42857142857143,0.14285714285714285,7,0.0,219.14285714285714,1,Ekonomik
Puffer,Jacket,118.0,298,35164,41.0,0.16666666666666666,6,0.0,236.0,1,Ekonomik
Puffer,Jacket,118.0,298,35164,50.0,0.2857142857142857,7,0.0,303.42857142857144,1,Ekonomik
Puffer,Jacket,118.0,298,35164,63.5,0.5,2,0.0,354.0,1,Ekonomik
Puffer,Jacket,118.0,298,35164,45.5,0.0,6,0.0,295.0,1,Ekonomik
Puffer,Jacket,118.0,298,35164,47.0,0.0,5,0.0,212.4,1,Ekonomik
Puffer,Jacket,118.0,298,35164,53.0,0.0,2,0.0,295.0,1,Ekonomik
Puffer,Jacket,118.0,298,35164,52.6,0.2,5,0.0,212.4,1,Ekonomik
Puffer,Jacket,118.0,298,35164,34.0,0.0,2,0.0,295.0,1,Ekonomik
Puffer,Jacket,118.0,298,35164,50.5,0.0,3,0.25,236.0,1,Ekonomik
Puffer,Jacket,118.0,298,35164,63.0,0.0,1,0.0,236.0,1,Ekonomik
Puffer,Jacket,118.0,298,35164,48.22222222222222,0.2222222222222222,9,0.0,301.55555555555554,1,Ekonomik
Puffer,Jacket,118.0,298,35164,45.75,0.5,4,0.0,236.0,1,Ekonomik
Puffer,Jacket,118.0,298,35164,59.0,0.0,1,0.0,354.0,1,Ekonomik
Puffer,Jacket,118.0,298,35164,52.0,0.16666666666666666,6,0.0,295.0,1,Ekonomik
Puffer,Jacket,118.0,298,35164,40.666666666666664,0.0,3,0.0,236.0,1,Ekonomik
Puffer,Jacket,118.0,298,35164,52.333333333333336,0.16666666666666666,6,0.0,314.6666666666667,1,Ekonomik
Puffer,Jacket,118.0,298,35164,42.0,0.3333333333333333,3,0.0,157.33333333333334,1,Ekonomik
Puffer,Jacket,118.0,298,35164,29.0,1.0,1,0.0,118.0,2,Çok Satan
Puffer,Jacket,118.0,298,35164,70.0,0.0,1,0.0,354.0,1,Ekonomik
Puffer,Jacket,118.0,298,35164,57.666666666666664,0.0,3,0.0,275.3333333333333,1,Ekonomik
Puffer,Jacket,118.0,298,35164,55.0,0.0,3,0.0,275.3333333333333,1,Ekonomik
Puffer,Jacket,118.0,298,35164,38.6,0.0,5,0.0,259.6,1,Ekonomik
Puffer,Jacket,118.0,298,35164,53.25,0.0,4,0.0,177.0,1,Ekonomik
Puffer,Jacket,118.0,298,35164,73.5,0.0,2,0.0,295.0,1,Ekonomik
Joggers,Trousers,93.0,334,31062,58.0,0.0,3,0.0,155.0,0,Premium
Joggers,Trousers,93.0,334,31062,59.666666666666664,0.0,6,0.0,186.0,0,Premium
Joggers,Trousers,93.0,334,31062,52.8,0.0,5,0.0,204.6,0,Premium
Joggers,Trousers,93.0,334,31062,48.666666666666664,0.3333333333333333,6,0.0,155.0,0,Premium
Joggers,Trousers,93.0,334,31062,41.166666666666664,0.0,6,0.0,155.0,0,Premium
Joggers,Trousers,93.0,334,31062,45.5,0.0,4,0.0,162.75,0,Premium
Joggers,Trousers,93.0,334,31062,46.8,0.0,5,0.0,241.8,0,Premium
Joggers,Trousers,93.0,334,31062,56.25,0.0,8,0.0,220.875,0,Premium
Joggers,Trousers,93.0,334,31062,43.285714285714285,0.2857142857142857,7,0.0,146.14285714285714,0,Premium
Joggers,Trousers,93.0,334,31062,51.333333333333336,0.16666666666666666,6,0.0,217.0,0,Premium
Joggers,Trousers,93.0,334,31062,46.4,0.2,5,0.0,167.4,0,Premium
Joggers,Trousers,93.0,334,31062,34.25,0.0,4,0.0,232.5,0,Premium
Joggers,Trousers,93.0,334,31062,44.0,0.0,7,0.0,212.57142857142858,0,Premium
Joggers,Trousers,93.0,334,31062,39.8,0.0,5,0.0,204.6,0,Premium
Joggers,Trousers,93.0,334,31062,49.8,0.0,5,0.0,130.2,0,Premium
Joggers,Trousers,93.0,334,31062,35.333333333333336,0.0,5,0.16666666666666666,186.0,0,Premium
Joggers,Trousers,93.0,334,31062,51.4,0.0,5,0.0,148.8,0,Premium
Joggers,Trousers,93.0,334,31062,44.0,0.4,5,0.0,167.4,2,Çok Satan
Joggers,Trousers,93.0,334,31062,45.0,0.2857142857142857,7,0.0,199.28571428571428,0,Premium
Joggers,Trousers,93.0,334,31062,49.8,0.2,5,0.0,223.2,0,Premium
Joggers,Trousers,93.0,334,31062,48.75,0.0,4,0.0,186.0,0,Premium
Joggers,Trousers,93.0,334,31062,57.0,0.2,5,0.0,186.0,0,Premium
Joggers,Trousers,93.0,334,31062,52.714285714285715,0.14285714285714285,7,0.0,239.14285714285714,0,Premium
Joggers,Trousers,93.0,334,31062,49.5,0.0,6,0.0,201.5,0,Premium
Joggers,Trousers,93.0,334,31062,47.0,0.0,3,0.0,186.0,0,Premium
Joggers,Trousers,93.0,334,31062,54.0,0.0,3,0.0,155.0,0,Premium
Joggers,Trousers,93.0,334,31062,45.0,0.0,2,0.0,186.0,0,Premium
Joggers,Trousers,93.0,334,31062,65.0,0.0,5,0.0,167.4,0,Premium
Joggers,Trousers,93.0,334,31062,53.0,0.0,2,0.0,232.5,0,Premium
Joggers,Trousers,93.0,334,31062,38.333333333333336,0.16666666666666666,6,0.0,155.0,0,Premium
Joggers,Trousers,93.0,334,31062,57.5,0.0,2,0.0,186.0,0,Premium
Joggers,Trousers,93.0,334,31062,35.8,0.4,5,0.0,223.2,2,Çok Satan
Joggers,Trousers,93.0,334,31062,50.0,0.0,2,0.0,186.0,0,Premium
Joggers,Trousers,93.0,334,31062,66.0,0.5,2,0.0,232.5,2,Çok Satan
Pleated,Trousers,105.0,308,32340,47.666666666666664,0.0,3,0.0,140.0,0,Premium
Pleated,Trousers,105.0,308,32340,47.875,0.375,8,0.0,210.0,1,Ekonomik
Pleated,Trousers,105.0,308,32340,46.0,0.0,4,0.0,210.0,1,Ekonomik
Pleated,Trousers,105.0,308,32340,50.75,0.0,4,0.0,236.25,1,Ekonomik
Pleated,Trousers,105.0,308,32340,49.0,0.0,5,0.0,168.0,0,Premium
Pleated,Trousers,105.0,308,32340,47.25,0.25,4,0.0,236.25,1,Ekonomik
Pleated,Trousers,105.0,308,32340,47.6,0.4,5,0.0,231.0,2,Çok Satan
Pleated,Trousers,105.0,308,32340,45.6,0.2,5,0.0,189.0,0,Premium
Pleated,Trousers,105.0,308,32340,49.833333333333336,0.16666666666666666,6,0.0,192.5,0,Premium
Pleated,Trousers,105.0,308,32340,38.0,0.0,3,0.0,210.0,0,Premium
Pleated,Trousers,105.0,308,32340,43.5,0.0,6,0.0,245.0,1,Ekonomik
Pleated,Trousers,105.0,308,32340,53.0,0.25,8,0.0,236.25,1,Ekonomik
Pleated,Trousers,105.0,308,32340,50.0,0.0,1,0.0,105.0,0,Premium
Pleated,Trousers,105.0,308,32340,59.5,0.0,6,0.0,280.0,1,Ekonomik
Pleated,Trousers,105.0,308,32340,35.0,0.0,4,0.0,210.0,0,Premium
Pleated,Trousers,105.0,308,32340,51.5,0.5,4,0.0,131.25,2,Çok Satan
Pleated,Trousers,105.0,308,32340,43.4,0.0,5,0.0,252.0,1,Ekonomik
Pleated,Trousers,105.0,308,32340,40.0,0.2,5,0.0,210.0,1,Ekonomik
Pleated,Trousers,105.0,308,32340,35.6,0.0,5,0.0,294.0,1,Ekonomik
Pleated,Trousers,105.0,308,32340,37.0,0.3333333333333333,3,0.0,210.0,2,Çok Satan
Pleated,Trousers,105.0,308,32340,40.6,0.6,5,0.0,252.0,2,Çok Satan
Pleated,Trousers,105.0,308,32340,32.666666666666664,0.0,3,0.0,245.0,1,Ekonomik
Pleated,Trousers,105.0,308,32340,45.5,0.25,4,0.0,157.5,0,Premium
Pleated,Trousers,105.0,308,32340,34.666666666666664,0.0,3,0.0,280.0,1,Ekonomik
Pleated,Trousers,105.0,308,32340,49.666666666666664,0.16666666666666666,6,0.0,245.0,1,Ekonomik
Pleated,Trousers,105.0,308,32340,53.0,0.0,1,0.0,315.0,1,Ekonomik
Pleated,Trousers,105.0,308,32340,44.25,0.0,4,0.0,157.5,0,Premium
Pleated,Trousers,105.0,308,32340,47.0,0.0,2,0.0,210.0,0,Premium
Pleated,Trousers,105.0,308,32340,61.25,0.75,4,0.0,262.5,2,Çok Satan
Pleated,Trousers,105.0,308,32340,58.0,0.0,4,0.0,236.25,1,Ekonomik
Pleated,Trousers,105.0,308,32340,40.666666666666664,0.0,6,0.0,227.5,1,Ekonomik
Pleated,Trousers,105.0,308,32340,43.666666666666664,0.0,3,0.0,210.0,0,Premium
Pleated,Trousers,105.0,308,32340,51.25,0.25,4,0.0,236.25,1,Ekonomik
Pleated,Trousers,105.0,308,32340,49.5,0.0,2,0.0,157.5,0,Premium
Pleated,Trousers,105.0,308,32340,28.5,0.0,2,0.0,157.5,0,Premium
Flannel,Shirt,118.0,281,33158,58.285714285714285,0.2857142857142857,7,0.0,303.42857142857144,1,Ekonomik
Flannel,Shirt,118.0,281,33158,54.25,0.0,4,0.0,265.5,1,Ekonomik
Flannel,Shirt,118.0,281,33158,44.833333333333336,0.0,6,0.0,236.0,1,Ekonomik
Flannel,Shirt,118.0,281,33158,57.4,0.0,5,0.0,306.8,1,Ekonomik
Flannel,Shirt,118.0,281,33158,49.38461538461539,0.15384615384615385,13,0.0,217.84615384615384,1,Ekonomik
Flannel,Shirt,118.0,281,33158,54.166666666666664,0.0,6,0.0,236.0,1,Ekonomik
Flannel,Shirt,118.0,281,33158,53.6,0.2,5,0.0,259.6,1,Ekonomik
Flannel,Shirt,118.0,281,33158,53.5,0.0,2,0.0,236.0,1,Ekonomik
Flannel,Shirt,118.0,281,33158,72.0,0.0,3,0.0,314.6666666666667,1,Ekonomik
Flannel,Shirt,118.0,281,33158,45.0,0.0,2,0.0,118.0,1,Ekonomik
Flannel,Shirt,118.0,281,33158,44.5,0.0,6,0.0,255.66666666666666,1,Ekonomik
Flannel,Shirt,118.0,281,33158,49.0,0.25,4,0.0,177.0,1,Ekonomik
Flannel,Shirt,118.0,281,33158,50.666666666666664,0.3333333333333333,3,0.0,314.6666666666667,1,Ekonomik
Flannel,Shirt,118.0,281,33158,43.25,0.0,4,0.0,147.5,1,Ekonomik
Flannel,Shirt,118.0,281,33158,25.5,0.5,2,0.0,177.0,2,Çok Satan
Flannel,Shirt,118.0,281,33158,50.6,0.2,5,0.0,188.8,1,Ekonomik
Flannel,Shirt,118.0,281,33158,76.0,0.0,2,0.0,236.0,1,Ekonomik
Flannel,Shirt,118.0,281,33158,44.75,0.25,4,0.0,206.5,1,Ekonomik
Flannel,Shirt,118.0,281,33158,49.125,0.125,8,0.0,265.5,1,Ekonomik
Flannel,Shirt,118.0,281,33158,56.2,0.0,5,0.0,259.6,1,Ekonomik
Flannel,Shirt,118.0,281,33158,53.5,0.0,4,0.0,147.5,1,Ekonomik
Flannel,Shirt,118.0,281,33158,69.0,0.0,2,0.0,295.0,1,Ekonomik
Flannel,Shirt,118.0,281,33158,57.4,0.0,5,0.0,259.6,1,Ekonomik
Flannel,Shirt,118.0,281,33158,45.333333333333336,0.0,3,0.0,275.3333333333333,1,Ekonomik
Flannel,Shirt,118.0,281,33158,62.75,0.0,4,0.0,206.5,1,Ekonomik
Flannel,Shirt,118.0,281,33158,50.2,0.0,5,0.0,188.8,1,Ekonomik
Flannel,Shirt,118.0,281,33158,65.0,0.5,2,0.0,295.0,1,Ekonomik
Flannel,Shirt,118.0,281,33158,43.2,0.4,5,0.0,165.2,1,Ekonomik
Flannel,Shirt,118.0,281,33158,47.333333333333336,0.6666666666666666,3,0.0,196.66666666666666,2,Çok Satan
Flannel,Shirt,118.0,281,33158,51.0,0.0,2,0.0,177.0,1,Ekonomik
Flannel,Shirt,118.0,281,33158,37.0,0.25,4,0.0,236.0,1,Ekonomik
Flannel,Shirt,118.0,281,33158,32.0,0.0,3,0.0,236.0,1,Ekonomik
Flannel,Shirt,118.0,281,33158,29.5,0.0,2,0.0,295.0,1,Ekonomik
Flannel,Shirt,118.0,281,33158,21.0,0.0,1,0.0,354.0,1,Ekonomik
Cropped,Trousers,115.0,284,32660,47.5,0.0,8,0.0,244.375,1,Ekonomik
Cropped,Trousers,115.0,284,32660,37.4,0.2,5,0.0,276.0,1,Ekonomik
Cropped,Trousers,115.0,284,32660,41.142857142857146,0.14285714285714285,6,0.14285714285714285,262.85714285714283,1,Ekonomik
Cropped,Trousers,115.0,284,32660,45.8,0.0,5,0.0,276.0,1,Ekonomik
Cropped,Trousers,115.0,284,32660,48.0,0.0,3,0.0,191.66666666666666,1,Ekonomik
Cropped,Trousers,115.0,284,32660,50.714285714285715,0.14285714285714285,7,0.0,279.2857142857143,1,Ekonomik
Cropped,Trousers,115.0,284,32660,54.5,0.25,4,0.0,287.5,1,Ekonomik
Cropped,Trousers,115.0,284,32660,36.0,0.0,5,0.0,161.0,1,Ekonomik
Cropped,Trousers,115.0,284,32660,54.0,0.5,4,0.0,287.5,1,Ekonomik
Cropped,Trousers,115.0,284,32660,69.0,0.3333333333333333,3,0.0,191.66666666666666,1,Ekonomik
Cropped,Trousers,115.0,284,32660,41.5,0.0,4,0.0,230.0,1,Ekonomik
Cropped,Trousers,115.0,284,32660,56.666666666666664,0.0,6,0.0,268.3333333333333,1,Ekonomik
Cropped,Trousers,115.0,284,32660,60.0,0.2,5,0.0,253.0,1,Ekonomik
Cropped,Trousers,115.0,284,32660,50.666666666666664,0.0,3,0.0,268.3333333333333,1,Ekonomik
Cropped,Trousers,115.0,284,32660,46.0,0.0,2,0.0,115.0,0,Premium
Cropped,Trousers,115.0,284,32660,37.333333333333336,0.0,3,0.0,268.3333333333333,1,Ekonomik
Cropped,Trousers,115.0,284,32660,42.2,0.0,5,0.0,230.0,1,Ekonomik
Cropped,Trousers,115.0,284,32660,46.666666666666664,0.0,3,0.0,191.66666666666666,1,Ekonomik
Cropped,Trousers,115.0,284,32660,52.8,0.2,5,0.0,253.0,1,Ekonomik
Cropped,Trousers,115.0,284,32660,47.75,0.25,4,0.0,258.75,1,Ekonomik
Cropped,Trousers,115.0,284,32660,29.666666666666668,0.0,3,0.0,306.6666666666667,1,Ekonomik
Cropped,Trousers,115.0,284,32660,29.5,0.0,2,0.0,115.0,0,Premium
Cropped,Trousers,115.0,284,32660,50.5,0.0,4,0.0,230.0,1,Ekonomik
Cropped,Trousers,115.0,284,32660,44.2,0.0,5,0.0,230.0,1,Ekonomik
Cropped,Trousers,115.0,284,32660,49.2,0.4,5,0.0,207.0,1,Ekonomik
Cropped,Trousers,115.0,284,32660,36.333333333333336,0.0,3,0.0,230.0,1,Ekonomik
Cropped,Trousers,115.0,284,32660,53.5,0.0,2,0.0,230.0,1,Ekonomik
Cropped,Trousers,115.0,284,32660,45.5,0.0,2,0.0,172.5,1,Ekonomik
Cropped,Trousers,115.0,284,32660,53.75,0.0,4,0.0,287.5,1,Ekonomik
Cropped,Trousers,115.0,284,32660,67.5,0.75,4,0.0,258.75,2,Çok Satan
Cropped,Trousers,115.0,284,32660,49.5,0.0,2,0.0,345.0,1,Ekonomik
Cropped,Trousers,115.0,284,32660,55.0,0.0,2,0.0,172.5,1,Ekonomik
Cropped,Trousers,115.0,284,32660,54.666666666666664,0.6666666666666666,3,0.0,191.66666666666666,2,Çok Satan
Cropped,Trousers,115.0,284,32660,22.0,0.0,1,0.0,115.0,0,Premium
Cropped,Trousers,115.0,284,32660,38.5,1.0,2,0.0,287.5,2,Çok Satan
Chambray,Shirt,106.0,290,30740,52.333333333333336,0.0,3,0.0,247.33333333333334,1,Ekonomik
Chambray,Shirt,106.0,290,30740,44.25,0.0,4,0.0,212.0,1,Ekonomik
Chambray,Shirt,106.0,290,30740,50.57142857142857,0.42857142857142855,7,0.0,227.14285714285714,2,Çok Satan
Chambray,Shirt,106.0,290,30740,60.666666666666664,0.0,3,0.0,247.33333333333334,1,Ekonomik
Chambray,Shirt,106.0,290,30740,43.0,0.16666666666666666,6,0.0,194.33333333333334,0,Premium
Chambray,Shirt,106.0,290,30740,67.25,0.0,4,0.0,212.0,1,Ekonomik
Chambray,Shirt,106.0,290,30740,51.2,0.0,5,0.0,233.2,1,Ekonomik
Chambray,Shirt,106.0,290,30740,44.333333333333336,0.0,6,0.0,212.0,1,Ekonomik
Chambray,Shirt,106.0,290,30740,37.25,0.0,8,0.0,159.0,0,Premium
Chambray,Shirt,106.0,290,30740,61.0,0.0,3,0.0,247.33333333333334,1,Ekonomik
Chambray,Shirt,106.0,290,30740,65.0,0.0,4,0.0,238.5,1,Ekonomik
Chambray,Shirt,106.0,290,30740,48.8,0.0,5,0.0,190.8,0,Premium
Chambray,Shirt,106.0,290,30740,51.8,0.2,5,0.0,254.4,1,Ekonomik
Chambray,Shirt,106.0,290,30740,58.8,0.0,5,0.0,254.4,1,Ekonomik
Chambray,Shirt,106.0,290,30740,44.8,0.2,5,0.0,190.8,0,Premium
Chambray,Shirt,106.0,290,30740,36.0,0.3333333333333333,6,0.0,229.66666666666666,1,Ekonomik
Chambray,Shirt,106.0,290,30740,45.75,0.0,4,0.0,159.0,0,Premium
Chambray,Shirt,106.0,290,30740,29.333333333333332,0.0,3,0.0,176.66666666666666,0,Premium
Chambray,Shirt,106.0,290,30740,49.333333333333336,0.0,3,0.0,176.66666666666666,0,Premium
Chambray,Shirt,106.0,290,30740,61.5,0.0,4,0.0,238.5,1,Ekonomik
Chambray,Shirt,106.0,290,30740,26.0,0.0,2,0.0,265.0,1,Ekonomik
Chambray,Shirt,106.0,290,30740,41.5,0.0,2,0.0,212.0,0,Premium
Chambray,Shirt,106.0,290,30740,51.6,0.0,4,0.2,190.8,1,Ekonomik
Chambray,Shirt,106.0,290,30740,36.25,0.0,4,0.0,238.5,1,Ekonomik
Chambray,Shirt,106.0,290,30740,51.5,0.0,6,0.0,176.66666666666666,0,Premium
Chambray,Shirt,106.0,290,30740,52.55555555555556,0.4444444444444444,9,0.0,223.77777777777777,1,Ekonomik
Chambray,Shirt,106.0,290,30740,60.0,0.3333333333333333,3,0.0,282.6666666666667,1,Ekonomik
Chambray,Shirt,106.0,290,30740,50.666666666666664,0.0,3,0.0,247.33333333333334,1,Ekonomik
Chambray,Shirt,106.0,290,30740,66.66666666666667,0.0,3,0.0,282.6666666666667,1,Ekonomik
Chambray,Shirt,106.0,290,30740,52.4,0.2,5,0.0,212.0,1,Ekonomik
Chambray,Shirt,106.0,290,30740,30.0,1.0,1,0.0,318.0,2,Çok Satan
Chambray,Shirt,106.0,290,30740,46.0,0.0,3,0.0,212.0,0,Premium
Chambray,Shirt,106.0,290,30740,38.0,1.0,1,0.0,318.0,2,Çok Satan
Chambray,Shirt,106.0,290,30740,42.0,0.0,1,0.0,212.0,0,Premium
Bomber,Jacket,100.0,297,29700,48.4,0.4,5,0.0,200.0,2,Çok Satan
Bomber,Jacket,100.0,297,29700,34.6,0.2,5,0.0,200.0,0,Premium
Bomber,Jacket,100.0,297,29700,52.0,0.14285714285714285,7,0.0,142.85714285714286,0,Premium
Bomber,Jacket,100.0,297,29700,52.90909090909091,0.36363636363636365,10,0.09090909090909091,218.1818181818182,2,Çok Satan
Bomber,Jacket,100.0,297,29700,58.111111111111114,0.3333333333333333,9,0.0,166.66666666666666,0,Premium
Bomber,Jacket,100.0,297,29700,51.2,0.0,5,0.0,160.0,0,Premium
Bomber,Jacket,100.0,297,29700,55.4,0.0,5,0.0,200.0,0,Premium
Bomber,Jacket,100.0,297,29700,61.333333333333336,0.0,3,0.0,166.66666666666666,0,Premium
Bomber,Jacket,100.0,297,29700,58.833333333333336,0.0,6,0.0,216.66666666666666,0,Premium
Bomber,Jacket,100.0,297,29700,60.5,0.0,2,0.0,200.0,0,Premium
Bomber,Jacket,100.0,297,29700,43.0,0.2,5,0.0,220.0,0,Premium
Bomber,Jacket,100.0,297,29700,42.0,0.25,4,0.0,200.0,0,Premium
Bomber,Jacket,100.0,297,29700,39.6,0.4,5,0.0,180.0,2,Çok Satan
Bomber,Jacket,100.0,297,29700,67.0,0.0,2,0.0,100.0,0,Premium
Bomber,Jacket,100.0,297,29700,57.0,0.3333333333333333,3,0.0,300.0,2,Çok Satan
Bomber,Jacket,100.0,297,29700,58.57142857142857,0.0,7,0.0,185.71428571428572,0,Premium
Bomber,Jacket,100.0,297,29700,45.0,0.0,2,0.0,200.0,0,Premium
Bomber,Jacket,100.0,297,29700,55.25,0.5,4,0.0,250.0,2,Çok Satan
Bomber,Jacket,100.0,297,29700,59.666666666666664,0.3333333333333333,3,0.0,300.0,2,Çok Satan
Bomber,Jacket,100.0,297,29700,50.833333333333336,0.16666666666666666,6,0.0,250.0,1,Ekonomik
Bomber,Jacket,100.0,297,29700,28.0,0.3333333333333333,3,0.0,166.66666666666666,2,Çok Satan
Bomber,Jacket,100.0,297,29700,43.0,0.0,3,0.0,300.0,1,Ekonomik
Bomber,Jacket,100.0,297,29700,48.75,0.0,4,0.0,175.0,0,Premium
Bomber,Jacket,100.0,297,29700,52.0,0.2857142857142857,7,0.0,228.57142857142858,0,Premium
Bomber,Jacket,100.0,297,29700,58.333333333333336,0.0,3,0.0,166.66666666666666,0,Premium
Bomber,Jacket,100.0,297,29700,62.75,0.5,4,0.0,150.0,2,Çok Satan
Bomber,Jacket,100.0,297,29700,38.4,0.0,5,0.0,120.0,0,Premium
Bomber,Jacket,100.0,297,29700,27.0,0.0,1,0.0,200.0,0,Premium
Bomber,Jacket,100.0,297,29700,32.666666666666664,0.0,3,0.0,200.0,0,Premium
Bomber,Jacket,100.0,297,29700,66.5,0.5,4,0.0,225.0,2,Çok Satan
Bomber,Jacket,100.0,297,29700,47.333333333333336,0.3333333333333333,3,0.0,233.33333333333334,2,Çok Satan
Bomber,Jacket,100.0,297,29700,44.75,0.0,4,0.0,200.0,0,Premium
Bomber,Jacket,100.0,297,29700,44.0,0.5,2,0.0,100.0,2,Çok Satan
Bomber,Jacket,100.0,297,29700,58.5,0.25,4,0.0,200.0,0,Premium
Bomber,Jacket,100.0,297,29700,66.0,0.0,1,0.0,200.0,0,Premium
Windbreaker,Jacket,102.0,287,29274,40.25,0.0,4,0.0,204.0,0,Premium
Windbreaker,Jacket,102.0,287,29274,44.625,0.125,8,0.0,242.25,1,Ekonomik
Windbreaker,Jacket,102.0,287,29274,59.0,0.0,2,0.0,102.0,0,Premium
Windbreaker,Jacket,102.0,287,29274,50.6,0.0,5,0.0,224.4,0,Premium
Windbreaker,Jacket,102.0,287,29274,49.4,0.0,5,0.0,244.8,0,Premium
Windbreaker,Jacket,102.0,287,29274,65.0,0.0,4,0.0,153.0,0,Premium
Windbreaker,Jacket,102.0,287,29274,48.8,0.4,5,0.0,224.4,2,Çok Satan
Windbreaker,Jacket,102.0,287,29274,80.0,0.0,1,0.0,102.0,0,Premium
Windbreaker,Jacket,102.0,287,29274,55.0,0.0,2,0.0,255.0,1,Ekonomik
Windbreaker,Jacket,102.0,287,29274,35.5,0.0,2,0.0,153.0,0,Premium
Windbreaker,Jacket,102.0,287,29274,46.666666666666664,0.0,3,0.0,136.0,0,Premium
Windbreaker,Jacket,102.0,287,29274,65.28571428571429,0.2857142857142857,7,0.0,160.28571428571428,0,Premium
Windbreaker,Jacket,102.0,287,29274,47.666666666666664,0.0,6,0.0,136.0,0,Premium
Windbreaker,Jacket,102.0,287,29274,39.42857142857143,0.14285714285714285,7,0.0,204.0,0,Premium
Windbreaker,Jacket,102.0,287,29274,65.5,0.0,4,0.0,229.5,0,Premium
Windbreaker,Jacket,102.0,287,29274,40.8,0.2,5,0.0,285.6,1,Ekonomik
Windbreaker,Jacket,102.0,287,29274,40.0,0.0,2,0.0,204.0,0,Premium
Windbreaker,Jacket,102.0,287,29274,54.8,0.0,5,0.0,204.0,0,Premium
Windbreaker,Jacket,102.0,287,29274,52.0,0.0,5,0.0,285.6,1,Ekonomik
Windbreaker,Jacket,102.0,287,29274,60.0,0.0,4,0.0,204.0,0,Premium
Windbreaker,Jacket,102.0,287,29274,56.42857142857143,0.42857142857142855,7,0.0,262.2857142857143,2,Çok Satan
Windbreaker,Jacket,102.0,287,29274,50.0,0.0,4,0.0,229.5,0,Premium
Windbreaker,Jacket,102.0,287,29274,47.875,0.0,8,0.0,178.5,0,Premium
Windbreaker,Jacket,102.0,287,29274,53.8,0.0,5,0.0,244.8,1,Ekonomik
Windbreaker,Jacket,102.0,287,29274,53.5,0.25,3,0.25,229.5,2,Çok Satan
Windbreaker,Jacket,102.0,287,29274,55.25,0.0,4,0.0,204.0,0,Premium
Windbreaker,Jacket,102.0,287,29274,53.0,0.5,2,0.0,204.0,2,Çok Satan
Windbreaker,Jacket,102.0,287,29274,51.333333333333336,0.3333333333333333,3,0.0,136.0,2,Çok Satan
Windbreaker,Jacket,102.0,287,29274,64.66666666666667,0.0,3,0.0,204.0,0,Premium
Windbreaker,Jacket,102.0,287,29274,43.0,1.0,1,0.0,102.0,2,Çok Satan
Windbreaker,Jacket,102.0,287,29274,60.833333333333336,0.16666666666666666,6,0.0,170.0,0,Premium
Windbreaker,Jacket,102.0,287,29274,47.0,0.0,7,0.0,204.0,0,Premium
Windbreaker,Jacket,102.0,287,29274,25.0,0.0,1,0.0,102.0,0,Premium
Windbreaker,Jacket,102.0,287,29274,23.0,0.0,1,0.0,204.0,0,Premium
Windbreaker,Jacket,102.0,287,29274,24.0,0.0,1,0.0,102.0,0,Premium
Parka,Jacket,113.0,269,30397,55.6,0.0,5,0.0,293.8,1,Ekonomik
Parka,Jacket,113.0,269,30397,42.333333333333336,0.0,3,0.0,113.0,0,Premium
Parka,Jacket,113.0,269,30397,50.0,0.0,6,0.0,207.16666666666666,1,Ekonomik
Parka,Jacket,113.0,269,30397,67.0,0.0,1,0.0,339.0,1,Ekonomik
Parka,Jacket,113.0,269,30397,39.6,0.2,5,0.0,316.4,1,Ekonomik
Parka,Jacket,113.0,269,30397,45.833333333333336,0.3333333333333333,6,0.0,282.5,1,Ekonomik
Parka,Jacket,113.0,269,30397,55.5,0.0,2,0.0,282.5,1,Ekonomik
Parka,Jacket,113.0,269,30397,44.5,0.0,2,0.0,226.0,1,Ekonomik
Parka,Jacket,113.0,269,30397,52.0,0.6666666666666666,3,0.0,188.33333333333334,2,Çok Satan
Parka,Jacket,113.0,269,30397,42.0,0.0,4,0.0,254.25,1,Ekonomik
Parka,Jacket,113.0,269,30397,47.25,0.0,4,0.0,254.25,1,Ekonomik
Parka,Jacket,113.0,269,30397,55.5,0.0,4,0.0,282.5,1,Ekonomik
Parka,Jacket,113.0,269,30397,44.0,0.3333333333333333,3,0.0,150.66666666666666,2,Çok Satan
Parka,Jacket,113.0,269,30397,45.333333333333336,0.3333333333333333,3,0.0,188.33333333333334,2,Çok Satan
Parka,Jacket,113.0,269,30397,50.125,0.25,8,0.0,226.0,1,Ekonomik
Parka,Jacket,113.0,269,30397,49.4,0.0,5,0.0,135.6,0,Premium
Parka,Jacket,113.0,269,30397,47.75,0.25,4,0.0,197.75,1,Ekonomik
Parka,Jacket,113.0,269,30397,52.2,0.4,5,0.0,226.0,1,Ekonomik
Parka,Jacket,113.0,269,30397,55.75,0.0,4,0.0,226.0,1,Ekonomik
Parka,Jacket,113.0,269,30397,59.0,0.0,3,0.0,188.33333333333334,1,Ekonomik
Parka,Jacket,113.0,269,30397,49.666666666666664,0.3333333333333333,3,0.0,188.33333333333334,2,Çok Satan
Parka,Jacket,113.0,269,30397,58.0,0.0,2,0.0,226.0,1,Ekonomik
Parka,Jacket,113.0,269,30397,35.4,0.2,5,0.0,248.6,1,Ekonomik
Parka,Jacket,113.0,269,30397,54.666666666666664,0.0,3,0.0,188.33333333333334,1,Ekonomik
Parka,Jacket,113.0,269,30397,39.833333333333336,0.16666666666666666,6,0.0,244.83333333333334,1,Ekonomik
Parka,Jacket,113.0,269,30397,42.6,0.2,5,0.0,271.2,1,Ekonomik
Parka,Jacket,113.0,269,30397,39.2,0.0,5,0.0,226.0,1,Ekonomik
Parka,Jacket,113.0,269,30397,51.5,0.0,2,0.0,226.0,1,Ekonomik
Parka,Jacket,113.0,269,30397,68.0,0.0,2,0.0,226.0,1,Ekonomik
Parka,Jacket,113.0,269,30397,46.0,0.5,6,0.0,207.16666666666666,2,Çok Satan
Parka,Jacket,113.0,269,30397,49.0,0.0,2,0.0,226.0,1,Ekonomik
Parka,Jacket,113.0,269,30397,42.25,0.5,4,0.0,169.5,2,Çok Satan
Parka,Jacket,113.0,269,30397,55.0,0.0,1,0.0,226.0,1,Ekonomik
Parka,Jacket,113.0,269,30397,46.666666666666664,0.0,3,0.0,226.0,1,Ekonomik
Parka,Jacket,113.0,269,30397,41.8,0.2,5,0.0,226.0,1,Ekonomik
Relaxed Leg,Trousers,90.0,301,27090,46.0,0.3333333333333333,6,0.0,210.0,0,Premium
Relaxed Leg,Trousers,90.0,301,27090,58.0,0.0,4,0.0,157.5,0,Premium
Relaxed Leg,Trousers,90.0,301,27090,55.333333333333336,0.0,3,0.0,210.0,0,Premium
Relaxed Leg,Trousers,90.0,301,27090,54.666666666666664,0.0,3,0.0,150.0,0,Premium
Relaxed Leg,Trousers,90.0,301,27090,56.0,0.0,5,0.0,216.0,0,Premium
Relaxed Leg,Trousers,90.0,301,27090,55.142857142857146,0.0,7,0.0,192.85714285714286,0,Premium
Relaxed Leg,Trousers,90.0,301,27090,37.2,0.2,5,0.0,216.0,0,Premium
Relaxed Leg,Trousers,90.0,301,27090,28.0,0.0,2,0.0,180.0,0,Premium
Relaxed Leg,Trousers,90.0,301,27090,58.8,0.4,5,0.0,216.0,2,Çok Satan
Relaxed Leg,Trousers,90.0,301,27090,43.3,0.0,10,0.0,189.0,0,Premium
Relaxed Leg,Trousers,90.0,301,27090,33.44444444444444,0.0,9,0.0,160.0,0,Premium
Relaxed Leg,Trousers,90.0,301,27090,41.666666666666664,0.0,3,0.0,150.0,0,Premium
Relaxed Leg,Trousers,90.0,301,27090,50.0,0.16666666666666666,6,0.0,135.0,0,Premium
Relaxed Leg,Trousers,90.0,301,27090,41.166666666666664,0.16666666666666666,6,0.0,210.0,0,Premium
Relaxed Leg,Trousers,90.0,301,27090,50.714285714285715,0.14285714285714285,7,0.0,192.85714285714286,0,Premium
Relaxed Leg,Trousers,90.0,301,27090,38.8,0.2,5,0.0,198.0,0,Premium
Relaxed Leg,Trousers,90.0,301,27090,59.0,0.0,3,0.0,240.0,0,Premium
Relaxed Leg,Trousers,90.0,301,27090,32.5,0.5,4,0.0,202.5,2,Çok Satan
Relaxed Leg,Trousers,90.0,301,27090,51.2,0.4,5,0.0,216.0,2,Çok Satan
Relaxed Leg,Trousers,90.0,301,27090,59.0,0.14285714285714285,7,0.0,205.71428571428572,0,Premium
Relaxed Leg,Trousers,90.0,301,27090,63.142857142857146,0.14285714285714285,7,0.0,141.42857142857142,0,Premium
Relaxed Leg,Trousers,90.0,301,27090,43.666666666666664,0.0,3,0.0,120.0,0,Premium
Relaxed Leg,Trousers,90.0,301,27090,55.75,0.0,4,0.0,247.5,0,Premium
Relaxed Leg,Trousers,90.0,301,27090,40.666666666666664,0.0,3,0.0,150.0,0,Premium
Relaxed Leg,Trousers,90.0,301,27090,52.0,0.0,3,0.0,240.0,0,Premium
Relaxed Leg,Trousers,90.0,301,27090,47.5,0.0,2,0.0,180.0,0,Premium
Relaxed Leg,Trousers,90.0,301,27090,52.5,0.0,2,0.0,225.0,0,Premium
Relaxed Leg,Trousers,90.0,301,27090,51.0,0.0,3,0.0,150.0,0,Premium
Relaxed Leg,Trousers,90.0,301,27090,48.333333333333336,0.0,3,0.0,120.0,0,Premium
Relaxed Leg,Trousers,90.0,301,27090,54.666666666666664,0.0,3,0.0,210.0,0,Premium
Relaxed Leg,Trousers,90.0,301,27090,55.5,0.0,4,0.0,90.0,0,Premium
Relaxed Leg,Trousers,90.0,301,27090,34.0,0.0,2,0.0,135.0,0,Premium
Relaxed Leg,Trousers,90.0,301,27090,70.0,0.0,1,0.0,270.0,0,Premium
Relaxed Leg,Trousers,90.0,301,27090,68.0,0.0,1,0.0,270.0,0,Premium
Slim-Fit,Trousers,97.0,288,27936,61.166666666666664,0.0,6,0.0,161.66666666666666,0,Premium
Slim-Fit,Trousers,97.0,288,27936,53.125,0.25,8,0.0,230.375,0,Premium
Slim-Fit,Trousers,97.0,288,27936,47.0,0.1111111111111111,9,0.0,161.66666666666666,0,Premium
Slim-Fit,Trousers,97.0,288,27936,49.166666666666664,0.0,6,0.0,194.0,0,Premium
Slim-Fit,Trousers,97.0,288,27936,55.6,0.4,5,0.0,174.6,2,Çok Satan
Slim-Fit,Trousers,97.0,288,27936,48.0,0.2,10,0.0,184.3,0,Premium
Slim-Fit,Trousers,97.0,288,27936,59.25,0.0,4,0.0,169.75,0,Premium
Slim-Fit,Trousers,97.0,288,27936,62.75,0.5,4,0.0,169.75,2,Çok Satan
Slim-Fit,Trousers,97.0,288,27936,53.75,0.25,4,0.0,194.0,0,Premium
Slim-Fit,Trousers,97.0,288,27936,51.333333333333336,0.0,6,0.0,161.66666666666666,0,Premium
Slim-Fit,Trousers,97.0,288,27936,28.8,0.0,5,0.0,194.0,0,Premium
Slim-Fit,Trousers,97.0,288,27936,45.333333333333336,0.3333333333333333,3,0.0,258.6666666666667,2,Çok Satan
Slim-Fit,Trousers,97.0,288,27936,58.2,0.0,5,0.0,194.0,0,Premium
Slim-Fit,Trousers,97.0,288,27936,54.0,0.2,5,0.0,116.4,0,Premium
Slim-Fit,Trousers,97.0,288,27936,49.75,0.0,4,0.0,169.75,0,Premium
Slim-Fit,Trousers,97.0,288,27936,41.6,0.0,5,0.0,194.0,0,Premium
Slim-Fit,Trousers,97.0,288,27936,33.5,0.0,4,0.0,242.5,0,Premium
Slim-Fit,Trousers,97.0,288,27936,49.333333333333336,0.0,6,0.0,129.33333333333334,0,Premium
Slim-Fit,Trousers,97.0,288,27936,48.0,0.0,5,0.0,213.4,0,Premium
Slim-Fit,Trousers,97.0,288,27936,43.5,0.0,2,0.0,145.5,0,Premium
Slim-Fit,Trousers,97.0,288,27936,64.66666666666667,0.3333333333333333,3,0.0,194.0,2,Çok Satan
Slim-Fit,Trousers,97.0,288,27936,70.0,0.3333333333333333,3,0.0,194.0,2,Çok Satan
Slim-Fit,Trousers,97.0,288,27936,56.666666666666664,0.3333333333333333,6,0.0,226.33333333333334,2,Çok Satan
Slim-Fit,Trousers,97.0,288,27936,39.57142857142857,0.0,7,0.0,166.28571428571428,0,Premium
Slim-Fit,Trousers,97.0,288,27936,55.75,0.25,4,0.0,169.75,0,Premium
Slim-Fit,Trousers,97.0,288,27936,22.5,0.0,2,0.0,97.0,0,Premium
Slim-Fit,Trousers,97.0,288,27936,52.5,0.5,4,0.0,145.5,2,Çok Satan
Slim-Fit,Trousers,97.0,288,27936,36.666666666666664,0.3333333333333333,3,0.0,194.0,2,Çok Satan
Slim-Fit,Trousers,97.0,288,27936,47.5,0.25,4,0.0,97.0,0,Premium
Slim-Fit,Trousers,97.0,288,27936,48.25,0.25,4,0.0,169.75,0,Premium
Slim-Fit,Trousers,97.0,288,27936,50.666666666666664,1.0,2,0.3333333333333333,226.33333333333334,2,Çok Satan
Slim-Fit,Trousers,97.0,288,27936,50.5,0.5,2,0.0,194.0,2,Çok Satan
Slim-Fit,Trousers,97.0,288,27936,44.0,0.0,3,0.0,258.6666666666667,0,Premium
Oxford Cloth,Shirt,96.0,289,27744,48.833333333333336,0.16666666666666666,6,0.0,176.0,0,Premium
Oxford Cloth,Shirt,96.0,289,27744,36.8,0.0,5,0.0,134.4,0,Premium
Oxford Cloth,Shirt,96.0,289,27744,45.5,0.0,2,0.0,240.0,0,Premium
Oxford Cloth,Shirt,96.0,289,27744,46.4,0.0,5,0.0,230.4,0,Premium
Oxford Cloth,Shirt,96.0,289,27744,44.5,0.25,4,0.0,216.0,0,Premium
Oxford Cloth,Shirt,96.0,289,27744,41.285714285714285,0.14285714285714285,7,0.0,178.28571428571428,0,Premium
Oxford Cloth,Shirt,96.0,289,27744,57.142857142857146,0.14285714285714285,7,0.0,246.85714285714286,0,Premium
Oxford Cloth,Shirt,96.0,289,27744,28.333333333333332,0.3333333333333333,3,0.0,128.0,0,Premium
Oxford Cloth,Shirt,96.0,289,27744,47.2,0.2,5,0.0,153.6,0,Premium
Oxford Cloth,Shirt,96.0,289,27744,54.75,0.0,4,0.0,144.0,0,Premium
Oxford Cloth,Shirt,96.0,289,27744,42.25,0.5,4,0.0,168.0,2,Çok Satan
Oxford Cloth,Shirt,96.0,289,27744,66.0,0.0,2,0.0,192.0,0,Premium
Oxford Cloth,Shirt,96.0,289,27744,47.0,0.14285714285714285,7,0.0,150.85714285714286,0,Premium
Oxford Cloth,Shirt,96.0,289,27744,43.5,0.0,8,0.0,180.0,0,Premium
Oxford Cloth,Shirt,96.0,289,27744,56.4,0.4,5,0.0,211.2,2,Çok Satan
Oxford Cloth,Shirt,96.0,289,27744,26.666666666666668,0.0,3,0.0,256.0,0,Premium
Oxford Cloth,Shirt,96.0,289,27744,39.666666666666664,0.0,3,0.0,192.0,0,Premium
Oxford Cloth,Shirt,96.0,289,27744,55.5,0.0,6,0.0,160.0,0,Premium
Oxford Cloth,Shirt,96.0,289,27744,41.25,0.0,4,0.0,192.0,0,Premium
Oxford Cloth,Shirt,96.0,289,27744,55.0,0.2,5,0.0,230.4,0,Premium
Oxford Cloth,Shirt,96.0,289,27744,50.6,0.0,5,0.0,230.4,0,Premium
Oxford Cloth,Shirt,96.0,289,27744,51.6,0.2,5,0.0,192.0,0,Premium
Oxford Cloth,Shirt,96.0,289,27744,35.0,0.0,4,0.0,144.0,0,Premium
Oxford Cloth,Shirt,96.0,289,27744,61.333333333333336,0.6666666666666666,3,0.0,192.0,2,Çok Satan
Oxford Cloth,Shirt,96.0,289,27744,25.0,0.0,1,0.0,192.0,0,Premium
Oxford Cloth,Shirt,96.0,289,27744,29.0,0.0,3,0.0,128.0,0,Premium
Oxford Cloth,Shirt,96.0,289,27744,53.333333333333336,0.0,6,0.0,256.0,0,Premium
Oxford Cloth,Shirt,96.0,289,27744,53.0,0.2,4,0.2,230.4,2,Çok Satan
Oxford Cloth,Shirt,96.0,289,27744,57.5,0.0,4,0.0,144.0,0,Premium
Oxford Cloth,Shirt,96.0,289,27744,51.6,0.0,5,0.0,192.0,0,Premium
Oxford Cloth,Shirt,96.0,289,27744,47.5,0.5,2,0.0,144.0,2,Çok Satan
Oxford Cloth,Shirt,96.0,289,27744,55.0,0.0,5,0.0,230.4,0,Premium
Oxford Cloth,Shirt,96.0,289,27744,59.5,0.0,2,0.0,144.0,0,Premium
Oxford Cloth,Shirt,96.0,289,27744,80.0,0.0,1,0.0,192.0,0,Premium
Drawstring,Trousers,96.0,288,27648,48.75,0.25,4,0.0,144.0,0,Premium
Drawstring,Trousers,96.0,288,27648,38.75,0.25,4,0.0,192.0,0,Premium
Drawstring,Trousers,96.0,288,27648,62.0,0.0,3,0.0,192.0,0,Premium
Drawstring,Trousers,96.0,288,27648,38.75,0.0,4,0.0,216.0,0,Premium
Drawstring,Trousers,96.0,288,27648,38.5,0.25,4,0.0,168.0,0,Premium
Drawstring,Trousers,96.0,288,27648,50.333333333333336,0.2222222222222222,9,0.0,170.66666666666666,0,Premium
Drawstring,Trousers,96.0,288,27648,34.0,0.0,3,0.0,160.0,0,Premium
Drawstring,Trousers,96.0,288,27648,41.857142857142854,0.0,7,0.0,150.85714285714286,0,Premium
Drawstring,Trousers,96.0,288,27648,50.4,0.2,5,0.0,153.6,0,Premium
Drawstring,Trousers,96.0,288,27648,45.0,0.0,5,0.0,172.8,0,Premium
Drawstring,Trousers,96.0,288,27648,40.166666666666664,0.16666666666666666,6,0.0,176.0,0,Premium
Drawstring,Trousers,96.0,288,27648,60.666666666666664,0.0,3,0.0,224.0,0,Premium
Drawstring,Trousers,96.0,288,27648,45.0,0.0,3,0.0,96.0,0,Premium
Drawstring,Trousers,96.0,288,27648,50.0,0.16666666666666666,6,0.0,160.0,0,Premium
Drawstring,Trousers,96.0,288,27648,42.0,0.2857142857142857,7,0.0,219.42857142857142,0,Premium
Drawstring,Trousers,96.0,288,27648,44.0,0.6666666666666666,3,0.0,192.0,2,Çok Satan
Drawstring,Trousers,96.0,288,27648,49.666666666666664,0.6666666666666666,3,0.0,192.0,2,Çok Satan
Drawstring,Trousers,96.0,288,27648,54.6,0.2,5,0.0,211.2,0,Premium
Drawstring,Trousers,96.0,288,27648,55.0,0.2,5,0.0,192.0,0,Premium
Drawstring,Trousers,96.0,288,27648,56.0,0.25,4,0.0,168.0,0,Premium
Drawstring,Trousers,96.0,288,27648,38.333333333333336,0.0,3,0.0,256.0,0,Premium
Drawstring,Trousers,96.0,288,27648,31.666666666666668,0.3333333333333333,3,0.0,128.0,0,Premium
Drawstring,Trousers,96.0,288,27648,40.666666666666664,0.3333333333333333,3,0.0,224.0,2,Çok Satan
Drawstring,Trousers,96.0,288,27648,55.6,0.4,5,0.0,172.8,2,Çok Satan
Drawstring,Trousers,96.0,288,27648,34.5,0.0,2,0.0,288.0,0,Premium
Drawstring,Trousers,96.0,288,27648,50.4,0.2,5,0.0,211.2,0,Premium
Drawstring,Trousers,96.0,288,27648,39.375,0.0,8,0.0,216.0,0,Premium
Drawstring,Trousers,96.0,288,27648,78.0,0.0,1,0.0,192.0,0,Premium
Drawstring,Trousers,96.0,288,27648,46.0,0.0,2,0.0,288.0,0,Premium
Drawstring,Trousers,96.0,288,27648,53.0,0.2,5,0.0,211.2,0,Premium
Drawstring,Trousers,96.0,288,27648,39.0,0.0,2,0.0,144.0,0,Premium
Drawstring,Trousers,96.0,288,27648,49.0,0.0,3,0.0,192.0,0,Premium
Drawstring,Trousers,96.0,288,27648,58.333333333333336,0.5,6,0.0,192.0,2,Çok Satan
Drawstring,Trousers,96.0,288,27648,52.333333333333336,0.3333333333333333,3,0.0,192.0,2,Çok Satan
Drawstring,Trousers,96.0,288,27648,39.666666666666664,0.0,3,0.0,224.0,0,Premium
Peacoat,Jacket,109.0,266,28994,48.75,0.25,4,0.0,218.0,1,Ekonomik
Peacoat,Jacket,109.0,266,28994,39.5,0.0,4,0.0,163.5,0,Premium
Peacoat,Jacket,109.0,266,28994,60.25,0.5,4,0.0,163.5,2,Çok Satan
Peacoat,Jacket,109.0,266,28994,49.166666666666664,0.0,6,0.0,199.83333333333334,1,Ekonomik
Peacoat,Jacket,109.0,266,28994,57.0,0.0,3,0.0,181.66666666666666,0,Premium
Peacoat,Jacket,109.0,266,28994,56.5,0.0,8,0.0,204.375,1,Ekonomik
Peacoat,Jacket,109.0,266,28994,48.5,0.0,4,0.0,163.5,0,Premium
Peacoat,Jacket,109.0,266,28994,59.6,0.0,5,0.0,196.2,1,Ekonomik
Peacoat,Jacket,109.0,266,28994,53.111111111111114,0.2222222222222222,9,0.0,181.66666666666666,1,Ekonomik
Peacoat,Jacket,109.0,266,28994,63.0,0.0,3,0.0,218.0,1,Ekonomik
Peacoat,Jacket,109.0,266,28994,42.6,0.0,5,0.0,239.8,1,Ekonomik
Peacoat,Jacket,109.0,266,28994,40.0,0.2857142857142857,7,0.0,249.14285714285714,1,Ekonomik
Peacoat,Jacket,109.0,266,28994,38.166666666666664,0.16666666666666666,12,0.0,190.75,1,Ekonomik
Peacoat,Jacket,109.0,266,28994,55.0,0.0,5,0.0,283.4,1,Ekonomik
Peacoat,Jacket,109.0,266,28994,71.33333333333333,0.0,3,0.0,290.6666666666667,1,Ekonomik
Peacoat,Jacket,109.0,266,28994,56.0,0.0,2,0.0,218.0,1,Ekonomik
Peacoat,Jacket,109.0,266,28994,43.0,0.0,5,0.0,239.8,1,Ekonomik
Peacoat,Jacket,109.0,266,28994,55.5,0.25,4,0.0,299.75,1,Ekonomik
Peacoat,Jacket,109.0,266,28994,58.0,0.0,3,0.0,218.0,1,Ekonomik
Peacoat,Jacket,109.0,266,28994,37.0,0.0,2,0.0,218.0,1,Ekonomik
Peacoat,Jacket,109.0,266,28994,59.75,0.75,4,0.0,218.0,2,Çok Satan
Peacoat,Jacket,109.0,266,28994,58.0,0.0,4,0.0,190.75,1,Ekonomik
Peacoat,Jacket,109.0,266,28994,52.5,0.25,4,0.0,245.25,1,Ekonomik
Peacoat,Jacket,109.0,266,28994,56.0,0.0,2,0.0,218.0,1,Ekonomik
Peacoat,Jacket,109.0,266,28994,29.5,0.5,2,0.0,272.5,2,Çok Satan
Peacoat,Jacket,109.0,266,28994,37.5,0.5,4,0.0,245.25,2,Çok Satan
Peacoat,Jacket,109.0,266,28994,62.75,0.25,4,0.0,218.0,1,Ekonomik
Peacoat,Jacket,109.0,266,28994,48.2,0.2,5,0.0,261.6,1,Ekonomik
Peacoat,Jacket,109.0,266,28994,60.0,0.3333333333333333,3,0.0,254.33333333333334,1,Ekonomik
Peacoat,Jacket,109.0,266,28994,70.0,0.0,1,0.0,327.0,1,Ekonomik
Peacoat,Jacket,109.0,266,28994,58.0,0.0,1,0.0,218.0,1,Ekonomik
High-Waisted,Trousers,99.0,278,27522,41.333333333333336,0.0,3,0.0,132.0,0,Premium
High-Waisted,Trousers,99.0,278,27522,49.111111111111114,0.2222222222222222,9,0.0,220.0,0,Premium
High-Waisted,Trousers,99.0,278,27522,48.0,0.2,4,0.2,217.8,2,Çok Satan
High-Waisted,Trousers,99.0,278,27522,54.0,0.14285714285714285,7,0.0,183.85714285714286,0,Premium
High-Waisted,Trousers,99.0,278,27522,24.333333333333332,0.3333333333333333,3,0.0,165.0,2,Çok Satan
High-Waisted,Trousers,99.0,278,27522,45.75,0.25,4,0.0,173.25,0,Premium
High-Waisted,Trousers,99.0,278,27522,48.5,0.5,2,0.0,99.0,2,Çok Satan
High-Waisted,Trousers,99.0,278,27522,47.0,0.0,3,0.0,165.0,0,Premium
High-Waisted,Trousers,99.0,278,27522,57.7,0.1,10,0.0,198.0,0,Premium
High-Waisted,Trousers,99.0,278,27522,55.666666666666664,0.5,6,0.0,198.0,2,Çok Satan
High-Waisted,Trousers,99.0,278,27522,59.5,0.25,4,0.0,148.5,0,Premium
High-Waisted,Trousers,99.0,278,27522,30.666666666666668,0.0,3,0.0,264.0,0,Premium
High-Waisted,Trousers,99.0,278,27522,38.0,0.0,3,0.0,198.0,0,Premium
High-Waisted,Trousers,99.0,278,27522,58.2,0.0,5,0.0,198.0,0,Premium
High-Waisted,Trousers,99.0,278,27522,47.5,0.0,4,0.0,198.0,0,Premium
High-Waisted,Trousers,99.0,278,27522,38.333333333333336,0.16666666666666666,5,0.16666666666666666,198.0,2,Çok Satan
High-Waisted,Trousers,99.0,278,27522,51.9,0.0,10,0.0,178.2,0,Premium
High-Waisted,Trousers,99.0,278,27522,60.25,0.0,4,0.0,222.75,0,Premium
High-Waisted,Trousers,99.0,278,27522,49.75,0.25,4,0.0,173.25,0,Premium
High-Waisted,Trousers,99.0,278,27522,45.0,0.6666666666666666,3,0.0,165.0,2,Çok Satan
High-Waisted,Trousers,99.0,278,27522,45.25,0.0,4,0.0,222.75,0,Premium
High-Waisted,Trousers,99.0,278,27522,49.666666666666664,0.0,3,0.0,231.0,0,Premium
High-Waisted,Trousers,99.0,278,27522,52.0,0.4,5,0.0,198.0,2,Çok Satan
High-Waisted,Trousers,99.0,278,27522,49.5,0.0,2,0.0,198.0,0,Premium
High-Waisted,Trousers,99.0,278,27522,52.5,0.0,4,0.0,222.75,0,Premium
High-Waisted,Trousers,99.0,278,27522,39.333333333333336,0.0,3,0.0,165.0,0,Premium
High-Waisted,Trousers,99.0,278,27522,41.2,0.2,5,0.0,198.0,0,Premium
High-Waisted,Trousers,99.0,278,27522,36.5,0.25,4,0.0,198.0,0,Premium
High-Waisted,Trousers,99.0,278,27522,62.5,0.5,2,0.0,148.5,2,Çok Satan
High-Waisted,Trousers,99.0,278,27522,23.0,0.0,3,0.0,198.0,0,Premium
High-Waisted,Trousers,99.0,278,27522,61.0,0.0,2,0.0,297.0,1,Ekonomik
High-Waisted,Trousers,99.0,278,27522,33.0,0.5,2,0.0,297.0,2,Çok Satan
High-Waisted,Trousers,99.0,278,27522,20.0,0.0,1,0.0,297.0,0,Premium
High-Waisted,Trousers,99.0,278,27522,61.5,0.0,2,0.0,198.0,0,Premium
Chinos,Trousers,113.0,260,29380,44.285714285714285,0.0,7,0.0,226.0,1,Ekonomik
Chinos,Trousers,113.0,260,29380,60.42857142857143,0.14285714285714285,7,0.0,226.0,1,Ekonomik
Chinos,Trousers,113.0,260,29380,62.0,0.5,6,0.0,244.83333333333334,1,Ekonomik
Chinos,Trousers,113.0,260,29380,66.0,1.0,2,0.0,226.0,2,Çok Satan
Chinos,Trousers,113.0,260,29380,54.0,0.18181818181818182,11,0.0,215.72727272727272,1,Ekonomik
Chinos,Trousers,113.0,260,29380,45.0,0.0,3,0.0,188.33333333333334,1,Ekonomik
Chinos,Trousers,113.0,260,29380,61.0,0.16666666666666666,6,0.0,188.33333333333334,1,Ekonomik
Chinos,Trousers,113.0,260,29380,43.2,0.2,5,0.0,248.6,1,Ekonomik
Chinos,Trousers,113.0,260,29380,45.75,0.5,4,0.0,254.25,2,Çok Satan
Chinos,Trousers,113.0,260,29380,57.25,0.0,4,0.0,254.25,1,Ekonomik
Chinos,Trousers,113.0,260,29380,52.8,0.0,4,0.2,158.2,1,Ekonomik
Chinos,Trousers,113.0,260,29380,35.0,0.16666666666666666,6,0.0,150.66666666666666,0,Premium
Chinos,Trousers,113.0,260,29380,66.5,0.0,2,0.0,282.5,1,Ekonomik
Chinos,Trousers,113.0,260,29380,60.0,0.3333333333333333,6,0.0,226.0,1,Ekonomik
Chinos,Trousers,113.0,260,29380,42.666666666666664,0.3333333333333333,3,0.0,263.6666666666667,1,Ekonomik
Chinos,Trousers,113.0,260,29380,56.0,0.5,2,0.0,339.0,1,Ekonomik
Chinos,Trousers,113.0,260,29380,64.66666666666667,0.0,3,0.0,226.0,1,Ekonomik
Chinos,Trousers,113.0,260,29380,60.0,0.2,5,0.0,226.0,1,Ekonomik
Chinos,Trousers,113.0,260,29380,40.333333333333336,0.0,3,0.0,263.6666666666667,1,Ekonomik
Chinos,Trousers,113.0,260,29380,52.5,0.5,2,0.0,169.5,2,Çok Satan
Chinos,Trousers,113.0,260,29380,57.2,0.2,5,0.0,180.8,1,Ekonomik
Chinos,Trousers,113.0,260,29380,37.5,0.0,2,0.0,226.0,1,Ekonomik
Chinos,Trousers,113.0,260,29380,55.0,0.0,5,0.0,226.0,1,Ekonomik
Chinos,Trousers,113.0,260,29380,44.666666666666664,0.3333333333333333,3,0.0,188.33333333333334,2,Çok Satan
Chinos,Trousers,113.0,260,29380,42.2,0.2,5,0.0,158.2,1,Ekonomik
Chinos,Trousers,113.0,260,29380,46.0,0.0,2,0.0,169.5,1,Ekonomik
Chinos,Trousers,113.0,260,29380,41.25,0.0,4,0.0,254.25,1,Ekonomik
Chinos,Trousers,113.0,260,29380,49.5,0.0,2,0.0,226.0,1,Ekonomik
Chinos,Trousers,113.0,260,29380,58.5,0.0,2,0.0,226.0,1,Ekonomik
Chinos,Trousers,113.0,260,29380,51.0,0.0,4,0.0,141.25,0,Premium
Chinos,Trousers,113.0,260,29380,40.0,0.5,2,0.0,282.5,2,Çok Satan
Chinos,Trousers,113.0,260,29380,49.5,0.0,2,0.0,282.5,1,Ekonomik
Chinos,Trousers,113.0,260,29380,31.0,0.0,1,0.0,113.0,0,Premium
Chinos,Trousers,113.0,260,29380,64.0,0.25,4,0.0,254.25,1,Ekonomik
Camp Collared,Shirt,98.0,279,27342,49.5,0.0,6,0.0,196.0,0,Premium
Camp Collared,Shirt,98.0,279,27342,36.666666666666664,0.16666666666666666,6,0.0,212.33333333333334,0,Premium
Camp Collared,Shirt,98.0,279,27342,52.333333333333336,0.6666666666666666,3,0.0,163.33333333333334,2,Çok Satan
Camp Collared,Shirt,98.0,279,27342,41.2,0.2,5,0.0,235.2,0,Premium
Camp Collared,Shirt,98.0,279,27342,49.25,0.25,4,0.0,269.5,2,Çok Satan
Camp Collared,Shirt,98.0,279,27342,48.75,0.25,4,0.0,147.0,0,Premium
Camp Collared,Shirt,98.0,279,27342,51.666666666666664,0.0,3,0.0,196.0,0,Premium
Camp Collared,Shirt,98.0,279,27342,74.0,0.3333333333333333,3,0.0,196.0,2,Çok Satan
Camp Collared,Shirt,98.0,279,27342,43.833333333333336,0.16666666666666666,6,0.0,196.0,0,Premium
Camp Collared,Shirt,98.0,279,27342,51.75,0.0,4,0.0,171.5,0,Premium
Camp Collared,Shirt,98.0,279,27342,44.5,0.5,2,0.0,196.0,2,Çok Satan
Camp Collared,Shirt,98.0,279,27342,57.44444444444444,0.1111111111111111,8,0.1111111111111111,250.44444444444446,1,Ekonomik
Camp Collared,Shirt,98.0,279,27342,46.333333333333336,0.3333333333333333,3,0.0,130.66666666666666,2,Çok Satan
Camp Collared,Shirt,98.0,279,27342,45.125,0.125,8,0.0,196.0,0,Premium
Camp Collared,Shirt,98.0,279,27342,62.5,0.0,2,0.0,147.0,0,Premium
Camp Collared,Shirt,98.0,279,27342,52.666666666666664,0.0,3,0.0,163.33333333333334,0,Premium
Camp Collared,Shirt,98.0,279,27342,48.25,0.25,4,0.0,147.0,0,Premium
Camp Collared,Shirt,98.0,279,27342,54.0,0.0,8,0.0,220.5,0,Premium
Camp Collared,Shirt,98.0,279,27342,23.5,0.0,2,0.0,196.0,0,Premium
Camp Collared,Shirt,98.0,279,27342,49.25,0.0,4,0.0,122.5,0,Premium
Camp Collared,Shirt,98.0,279,27342,61.75,0.0,4,0.0,269.5,0,Premium
Camp Collared,Shirt,98.0,279,27342,32.25,0.25,4,0.0,171.5,0,Premium
Camp Collared,Shirt,98.0,279,27342,37.0,0.0,1,0.0,196.0,0,Premium
Camp Collared,Shirt,98.0,279,27342,54.2,0.0,5,0.0,215.6,0,Premium
Camp Collared,Shirt,98.0,279,27342,45.0,0.5,4,0.0,196.0,2,Çok Satan
Camp Collared,Shirt,98.0,279,27342,39.25,0.0,4,0.0,294.0,0,Premium
Camp Collared,Shirt,98.0,279,27342,39.5,0.25,4,0.0,196.0,0,Premium
Camp Collared,Shirt,98.0,279,27342,58.5,0.5,2,0.0,196.0,2,Çok Satan
Camp Collared,Shirt,98.0,279,27342,54.0,0.0,3,0.0,163.33333333333334,0,Premium
Camp Collared,Shirt,98.0,279,27342,43.0,0.0,3,0.0,163.33333333333334,0,Premium
Camp Collared,Shirt,98.0,279,27342,56.0,0.0,4,0.0,147.0,0,Premium
Camp Collared,Shirt,98.0,279,27342,33.0,0.0,2,0.0,196.0,0,Premium
Camp Collared,Shirt,98.0,279,27342,46.666666666666664,0.0,3,0.0,163.33333333333334,0,Premium
Camp Collared,Shirt,98.0,279,27342,67.75,0.0,4,0.0,171.5,0,Premium
Camp Collared,Shirt,98.0,279,27342,51.333333333333336,0.6666666666666666,3,0.0,196.0,2,Çok Satan
Cardigan,Jacket,112.0,260,29120,52.333333333333336,0.3333333333333333,6,0.0,261.3333333333333,1,Ekonomik
Cardigan,Jacket,112.0,260,29120,44.5,0.0,2,0.0,168.0,0,Premium
Cardigan,Jacket,112.0,260,29120,50.4,0.0,5,0.0,291.2,1,Ekonomik
Cardigan,Jacket,112.0,260,29120,50.833333333333336,0.3333333333333333,6,0.0,205.33333333333334,1,Ekonomik
Cardigan,Jacket,112.0,260,29120,41.0,0.0,5,0.0,291.2,1,Ekonomik
Cardigan,Jacket,112.0,260,29120,37.0,0.0,5,0.0,224.0,1,Ekonomik
Cardigan,Jacket,112.0,260,29120,40.6,0.0,5,0.0,268.8,1,Ekonomik
Cardigan,Jacket,112.0,260,29120,42.2,0.0,5,0.0,268.8,1,Ekonomik
Cardigan,Jacket,112.0,260,29120,45.375,0.125,8,0.0,238.0,1,Ekonomik
Cardigan,Jacket,112.0,260,29120,35.75,0.25,4,0.0,224.0,1,Ekonomik
Cardigan,Jacket,112.0,260,29120,78.0,0.0,1,0.0,112.0,0,Premium
Cardigan,Jacket,112.0,260,29120,48.5,0.5,4,0.0,140.0,2,Çok Satan
Cardigan,Jacket,112.0,260,29120,56.5,0.0,4,0.0,196.0,1,Ekonomik
Cardigan,Jacket,112.0,260,29120,57.5,0.3333333333333333,6,0.0,224.0,1,Ekonomik
Cardigan,Jacket,112.0,260,29120,48.166666666666664,0.16666666666666666,6,0.0,168.0,1,Ekonomik
Cardigan,Jacket,112.0,260,29120,39.666666666666664,0.0,6,0.0,205.33333333333334,1,Ekonomik
Cardigan,Jacket,112.0,260,29120,35.0,0.0,3,0.0,186.66666666666666,1,Ekonomik
Cardigan,Jacket,112.0,260,29120,52.25,0.0,4,0.0,280.0,1,Ekonomik
Cardigan,Jacket,112.0,260,29120,55.75,0.5,4,0.0,196.0,2,Çok Satan
Cardigan,Jacket,112.0,260,29120,45.5,0.5,4,0.0,140.0,2,Çok Satan
Cardigan,Jacket,112.0,260,29120,48.333333333333336,0.0,3,0.0,149.33333333333334,0,Premium
Cardigan,Jacket,112.0,260,29120,44.8,0.0,5,0.0,224.0,1,Ekonomik
Cardigan,Jacket,112.0,260,29120,47.666666666666664,0.0,6,0.0,168.0,1,Ekonomik
Cardigan,Jacket,112.0,260,29120,52.0,0.0,5,0.0,246.4,1,Ekonomik
Cardigan,Jacket,112.0,260,29120,66.0,0.0,3,0.0,112.0,0,Premium
Cardigan,Jacket,112.0,260,29120,50.25,0.0,4,0.0,224.0,1,Ekonomik
Cardigan,Jacket,112.0,260,29120,35.5,0.0,2,0.0,224.0,1,Ekonomik
Cardigan,Jacket,112.0,260,29120,44.8,0.0,5,0.0,224.0,1,Ekonomik
Cardigan,Jacket,112.0,260,29120,78.0,0.0,2,0.0,336.0,1,Ekonomik
Cardigan,Jacket,112.0,260,29120,25.0,0.0,1,0.0,112.0,0,Premium
Cardigan,Jacket,112.0,260,29120,42.0,0.0,1,0.0,112.0,0,Premium
Cardigan,Jacket,112.0,260,29120,36.0,0.0,1,0.0,224.0,1,Ekonomik
Cardigan,Jacket,112.0,260,29120,50.5,0.0,2,0.0,224.0,1,Ekonomik
Cardigan,Jacket,112.0,260,29120,22.0,0.0,1,0.0,224.0,1,Ekonomik
Henley,Shirt,94.0,281,26414,45.0,0.0,4,0.0,211.5,0,Premium
Henley,Shirt,94.0,281,26414,46.666666666666664,0.0,6,0.0,156.66666666666666,0,Premium
Henley,Shirt,94.0,281,26414,34.666666666666664,0.0,3,0.0,188.0,0,Premium
Henley,Shirt,94.0,281,26414,50.333333333333336,0.0,3,0.0,156.66666666666666,0,Premium
Henley,Shirt,94.0,281,26414,48.0,0.0,4,0.0,141.0,0,Premium
Henley,Shirt,94.0,281,26414,58.5,0.16666666666666666,6,0.0,203.66666666666666,0,Premium
Henley,Shirt,94.0,281,26414,45.333333333333336,0.0,3,0.0,156.66666666666666,0,Premium
Henley,Shirt,94.0,281,26414,35.0,0.0,2,0.0,141.0,0,Premium
Henley,Shirt,94.0,281,26414,44.5,0.0,4,0.0,117.5,0,Premium
Henley,Shirt,94.0,281,26414,46.0,0.0,7,0.0,228.28571428571428,0,Premium
Henley,Shirt,94.0,281,26414,28.0,0.0,2,0.0,235.0,0,Premium
Henley,Shirt,94.0,281,26414,43.0,0.25,4,0.0,211.5,0,Premium
Henley,Shirt,94.0,281,26414,45.0,0.0,3,0.0,282.0,0,Premium
Henley,Shirt,94.0,281,26414,53.0,0.5,4,0.0,211.5,2,Çok Satan
Henley,Shirt,94.0,281,26414,52.125,0.375,8,0.0,199.75,2,Çok Satan
Henley,Shirt,94.0,281,26414,59.833333333333336,0.5,6,0.0,125.33333333333333,2,Çok Satan
Henley,Shirt,94.0,281,26414,43.75,0.25,8,0.0,176.25,0,Premium
Henley,Shirt,94.0,281,26414,55.8,0.0,5,0.0,169.2,0,Premium
Henley,Shirt,94.0,281,26414,56.75,0.5,4,0.0,164.5,2,Çok Satan
Henley,Shirt,94.0,281,26414,56.333333333333336,0.0,3,0.0,219.33333333333334,0,Premium
Henley,Shirt,94.0,281,26414,35.666666666666664,0.0,6,0.0,188.0,0,Premium
Henley,Shirt,94.0,281,26414,64.0,0.5,2,0.0,94.0,2,Çok Satan
Henley,Shirt,94.0,281,26414,40.166666666666664,0.0,6,0.0,172.33333333333334,0,Premium
Henley,Shirt,94.0,281,26414,48.166666666666664,0.3333333333333333,6,0.0,219.33333333333334,2,Çok Satan
Henley,Shirt,94.0,281,26414,43.666666666666664,0.3333333333333333,3,0.0,188.0,2,Çok Satan
Henley,Shirt,94.0,281,26414,63.0,0.0,4,0.0,235.0,0,Premium
Henley,Shirt,94.0,281,26414,41.0,0.0,4,0.0,141.0,0,Premium
Henley,Shirt,94.0,281,26414,42.333333333333336,0.0,3,0.0,94.0,0,Premium
Henley,Shirt,94.0,281,26414,42.0,0.0,3,0.0,219.33333333333334,0,Premium
Henley,Shirt,94.0,281,26414,55.0,0.0,5,0.0,131.6,0,Premium
Henley,Shirt,94.0,281,26414,44.666666666666664,0.6666666666666666,3,0.0,125.33333333333333,2,Çok Satan
Henley,Shirt,94.0,281,26414,49.0,0.5,4,0.0,235.0,2,Çok Satan
Henley,Shirt,94.0,281,26414,49.8,0.4,5,0.0,150.4,2,Çok Satan
Henley,Shirt,94.0,281,26414,35.5,0.5,2,0.0,235.0,2,Çok Satan
Henley,Shirt,94.0,281,26414,50.0,0.0,1,0.0,188.0,0,Premium
Tracksuit Bottoms,Trousers,112.0,257,28784,52.0,0.2,5,0.0,246.4,1,Ekonomik
Tracksuit Bottoms,Trousers,112.0,257,28784,58.25,0.0,4,0.0,280.0,1,Ekonomik
Tracksuit Bottoms,Trousers,112.0,257,28784,58.0,0.25,8,0.0,210.0,1,Ekonomik
Tracksuit Bottoms,Trousers,112.0,257,28784,53.333333333333336,0.0,3,0.0,224.0,1,Ekonomik
Tracksuit Bottoms,Trousers,112.0,257,28784,36.0,0.3333333333333333,3,0.0,186.66666666666666,2,Çok Satan
Tracksuit Bottoms,Trousers,112.0,257,28784,38.166666666666664,0.3333333333333333,6,0.0,205.33333333333334,1,Ekonomik
Tracksuit Bottoms,Trousers,112.0,257,28784,46.5,0.0,4,0.0,196.0,1,Ekonomik
Tracksuit Bottoms,Trousers,112.0,257,28784,57.0,0.0,3,0.0,224.0,1,Ekonomik
Tracksuit Bottoms,Trousers,112.0,257,28784,57.0,0.0,3,0.0,261.3333333333333,1,Ekonomik
Tracksuit Bottoms,Trousers,112.0,257,28784,51.0,0.0,3,0.0,149.33333333333334,0,Premium
Tracksuit Bottoms,Trousers,112.0,257,28784,49.833333333333336,0.3333333333333333,6,0.0,261.3333333333333,1,Ekonomik
Tracksuit Bottoms,Trousers,112.0,257,28784,49.8,0.2,5,0.0,268.8,1,Ekonomik
Tracksuit Bottoms,Trousers,112.0,257,28784,41.0,0.2,5,0.0,224.0,1,Ekonomik
Tracksuit Bottoms,Trousers,112.0,257,28784,58.0,0.0,1,0.0,224.0,1,Ekonomik
Tracksuit Bottoms,Trousers,112.0,257,28784,46.0,0.0,2,0.0,280.0,1,Ekonomik
Tracksuit Bottoms,Trousers,112.0,257,28784,55.75,0.125,8,0.0,168.0,1,Ekonomik
Tracksuit Bottoms,Trousers,112.0,257,28784,48.5,0.25,4,0.0,196.0,1,Ekonomik
Tracksuit Bottoms,Trousers,112.0,257,28784,48.6,0.2,5,0.0,246.4,1,Ekonomik
Tracksuit Bottoms,Trousers,112.0,257,28784,51.75,0.0,4,0.0,196.0,1,Ekonomik
Tracksuit Bottoms,Trousers,112.0,257,28784,41.0,0.5,4,0.0,252.0,2,Çok Satan
Tracksuit Bottoms,Trousers,112.0,257,28784,50.0,0.0,5,0.0,246.4,1,Ekonomik
Tracksuit Bottoms,Trousers,112.0,257,28784,41.8,0.0,5,0.0,179.2,1,Ekonomik
Tracksuit Bottoms,Trousers,112.0,257,28784,61.0,0.0,1,0.0,224.0,1,Ekonomik
Tracksuit Bottoms,Trousers,112.0,257,28784,49.333333333333336,0.0,3,0.0,298.6666666666667,1,Ekonomik
Tracksuit Bottoms,Trousers,112.0,257,28784,58.333333333333336,0.3333333333333333,3,0.0,224.0,1,Ekonomik
Tracksuit Bottoms,Trousers,112.0,257,28784,50.0,0.3333333333333333,3,0.0,261.3333333333333,1,Ekonomik
Tracksuit Bottoms,Trousers,112.0,257,28784,50.5,0.0,6,0.0,186.66666666666666,1,Ekonomik
Tracksuit Bottoms,Trousers,112.0,257,28784,53.0,0.0,1,0.0,224.0,1,Ekonomik
Tracksuit Bottoms,Trousers,112.0,257,28784,45.0,0.5,2,0.0,168.0,2,Çok Satan
Tracksuit Bottoms,Trousers,112.0,257,28784,44.4,0.0,5,0.0,224.0,1,Ekonomik
Tracksuit Bottoms,Trousers,112.0,257,28784,44.333333333333336,0.0,3,0.0,261.3333333333333,1,Ekonomik
Tracksuit Bottoms,Trousers,112.0,257,28784,36.666666666666664,0.0,3,0.0,149.33333333333334,0,Premium
Tracksuit Bottoms,Trousers,112.0,257,28784,41.666666666666664,0.3333333333333333,3,0.0,224.0,1,Ekonomik
Tracksuit Bottoms,Trousers,112.0,257,28784,74.0,1.0,1,0.0,224.0,2,Çok Satan
Cargo Pants,Trousers,102.0,267,27234,33.0,0.0,2,0.0,153.0,0,Premium
Cargo Pants,Trousers,102.0,267,27234,55.0,0.2,5,0.0,183.6,0,Premium
Cargo Pants,Trousers,102.0,267,27234,53.333333333333336,0.0,6,0.0,170.0,0,Premium
Cargo Pants,Trousers,102.0,267,27234,39.0,0.2857142857142857,7,0.0,218.57142857142858,0,Premium
Cargo Pants,Trousers,102.0,267,27234,42.666666666666664,0.3333333333333333,3,0.0,204.0,2,Çok Satan
Cargo Pants,Trousers,102.0,267,27234,47.333333333333336,0.0,3,0.0,136.0,0,Premium
Cargo Pants,Trousers,102.0,267,27234,52.0,0.0,4,0.0,229.5,0,Premium
Cargo Pants,Trousers,102.0,267,27234,56.0,0.0,5,0.0,204.0,0,Premium
Cargo Pants,Trousers,102.0,267,27234,56.5,0.25,4,0.0,204.0,2,Çok Satan
Cargo Pants,Trousers,102.0,267,27234,45.75,0.25,4,0.0,153.0,0,Premium
Cargo Pants,Trousers,102.0,267,27234,53.5,0.0,6,0.0,187.0,0,Premium
Cargo Pants,Trousers,102.0,267,27234,45.5,0.0,4,0.0,153.0,0,Premium
Cargo Pants,Trousers,102.0,267,27234,63.333333333333336,0.0,3,0.0,170.0,0,Premium
Cargo Pants,Trousers,102.0,267,27234,46.0,0.2,5,0.0,224.4,0,Premium
Cargo Pants,Trousers,102.0,267,27234,54.0,0.0,2,0.0,204.0,0,Premium
Cargo Pants,Trousers,102.0,267,27234,43.625,0.375,8,0.0,153.0,0,Premium
Cargo Pants,Trousers,102.0,267,27234,50.25,0.125,8,0.0,229.5,0,Premium
Cargo Pants,Trousers,102.0,267,27234,49.2,0.0,5,0.0,244.8,0,Premium
Cargo Pants,Trousers,102.0,267,27234,53.0,0.0,5,0.0,244.8,0,Premium
Cargo Pants,Trousers,102.0,267,27234,48.75,0.0,4,0.0,153.0,0,Premium
Cargo Pants,Trousers,102.0,267,27234,41.0,0.0,1,0.0,204.0,0,Premium
Cargo Pants,Trousers,102.0,267,27234,52.0,0.0,2,0.0,255.0,0,Premium
Cargo Pants,Trousers,102.0,267,27234,50.0,0.0,5,0.0,204.0,0,Premium
Cargo Pants,Trousers,102.0,267,27234,49.0,0.0,3,0.0,170.0,0,Premium
Cargo Pants,Trousers,102.0,267,27234,54.0,0.0,4,0.0,229.5,0,Premium
Cargo Pants,Trousers,102.0,267,27234,36.75,0.25,4,0.0,204.0,0,Premium
Cargo Pants,Trousers,102.0,267,27234,38.0,0.0,1,0.0,306.0,1,Ekonomik
Cargo Pants,Trousers,102.0,267,27234,23.0,0.5,2,0.0,255.0,2,Çok Satan
Cargo Pants,Trousers,102.0,267,27234,48.0,0.5,4,0.0,255.0,2,Çok Satan
Cargo Pants,Trousers,102.0,267,27234,76.0,0.0,1,0.0,204.0,0,Premium
Cargo Pants,Trousers,102.0,267,27234,47.25,0.0,4,0.0,204.0,0,Premium
Cargo Pants,Trousers,102.0,267,27234,56.0,0.5,4,0.0,255.0,2,Çok Satan
Cargo Pants,Trousers,102.0,267,27234,52.0,1.0,1,0.0,102.0,2,Çok Satan
Cargo Pants,Trousers,102.0,267,27234,45.0,0.0,4,0.0,255.0,0,Premium
Cargo Pants,Trousers,102.0,267,27234,57.0,0.0,1,0.0,204.0,0,Premium
Pullover,Jacket,91.0,276,25116,34.666666666666664,0.0,3,0.0,151.66666666666666,0,Premium
Pullover,Jacket,91.0,276,25116,52.4,0.0,5,0.0,200.2,0,Premium
Pullover,Jacket,91.0,276,25116,41.57142857142857,0.14285714285714285,7,0.0,130.0,0,Premium
Pullover,Jacket,91.0,276,25116,44.25,0.5,4,0.0,227.5,2,Çok Satan
Pullover,Jacket,91.0,276,25116,42.714285714285715,0.14285714285714285,7,0.0,156.0,0,Premium
Pullover,Jacket,91.0,276,25116,54.75,0.25,4,0.0,227.5,0,Premium
Pullover,Jacket,91.0,276,25116,42.5,0.5,4,0.0,250.25,2,Çok Satan
Pullover,Jacket,91.0,276,25116,55.166666666666664,0.0,6,0.0,151.66666666666666,0,Premium
Pullover,Jacket,91.0,276,25116,59.0,0.0,4,0.0,182.0,0,Premium
Pullover,Jacket,91.0,276,25116,44.0,0.0,3,0.0,121.33333333333333,0,Premium
Pullover,Jacket,91.0,276,25116,44.5,0.0,4,0.0,204.75,0,Premium
Pullover,Jacket,91.0,276,25116,51.0,0.16666666666666666,6,0.0,166.83333333333334,0,Premium
Pullover,Jacket,91.0,276,25116,51.75,0.25,4,0.0,182.0,0,Premium
Pullover,Jacket,91.0,276,25116,40.6,0.4,5,0.0,127.4,2,Çok Satan
Pullover,Jacket,91.0,276,25116,72.0,0.0,2,0.0,182.0,0,Premium
Pullover,Jacket,91.0,276,25116,37.333333333333336,0.0,3,0.0,273.0,0,Premium
Pullover,Jacket,91.0,276,25116,46.0,0.5,4,0.0,227.5,2,Çok Satan
Pullover,Jacket,91.0,276,25116,51.0,0.0,2,0.0,136.5,0,Premium
Pullover,Jacket,91.0,276,25116,39.5,0.0,4,0.0,136.5,0,Premium
Pullover,Jacket,91.0,276,25116,37.5,0.0,6,0.0,197.16666666666666,0,Premium
Pullover,Jacket,91.0,276,25116,65.0,0.0,2,0.0,227.5,0,Premium
Pullover,Jacket,91.0,276,25116,62.75,0.0,4,0.0,159.25,0,Premium
Pullover,Jacket,91.0,276,25116,51.5,0.16666666666666666,6,0.0,151.66666666666666,0,Premium
Pullover,Jacket,91.0,276,25116,46.2,0.0,5,0.0,254.8,0,Premium
Pullover,Jacket,91.0,276,25116,34.5,0.0,2,0.0,91.0,0,Premium
Pullover,Jacket,91.0,276,25116,38.8,0.4,5,0.0,182.0,2,Çok Satan
Pullover,Jacket,91.0,276,25116,44.5,0.0,2,0.0,136.5,0,Premium
Pullover,Jacket,91.0,276,25116,57.0,1.0,1,0.0,91.0,2,Çok Satan
Pullover,Jacket,91.0,276,25116,61.0,0.0,1,0.0,91.0,0,Premium
Pullover,Jacket,91.0,276,25116,43.5,0.16666666666666666,6,0.0,212.33333333333334,0,Premium
Pullover,Jacket,91.0,276,25116,44.5,0.0,6,0.0,136.5,0,Premium
Pullover,Jacket,91.0,276,25116,38.4,0.6,5,0.0,163.8,2,Çok Satan
Pullover,Jacket,91.0,276,25116,39.0,0.0,2,0.0,136.5,0,Premium
Pullover,Jacket,91.0,276,25116,58.333333333333336,0.0,3,0.0,212.33333333333334,0,Premium
Pullover,Jacket,91.0,276,25116,52.5,0.5,6,0.0,151.66666666666666,2,Çok Satan
Leather,Jacket,98.0,263,25774,36.75,0.25,4,0.0,147.0,0,Premium
Leather,Jacket,98.0,263,25774,58.666666666666664,0.0,3,0.0,196.0,0,Premium
Leather,Jacket,98.0,263,25774,52.666666666666664,0.3333333333333333,6,0.0,179.66666666666666,2,Çok Satan
Leather,Jacket,98.0,263,25774,39.0,0.25,4,0.0,171.5,0,Premium
Leather,Jacket,98.0,263,25774,45.0,0.16666666666666666,6,0.0,212.33333333333334,0,Premium
Leather,Jacket,98.0,263,25774,47.333333333333336,0.3333333333333333,3,0.0,228.66666666666666,2,Çok Satan
Leather,Jacket,98.0,263,25774,54.5,0.0,4,0.0,98.0,0,Premium
Leather,Jacket,98.0,263,25774,36.0,0.25,4,0.0,220.5,0,Premium
Leather,Jacket,98.0,263,25774,61.333333333333336,0.16666666666666666,6,0.0,163.33333333333334,0,Premium
Leather,Jacket,98.0,263,25774,51.0,0.0,8,0.0,232.75,0,Premium
Leather,Jacket,98.0,263,25774,43.666666666666664,0.16666666666666666,6,0.0,130.66666666666666,0,Premium
Leather,Jacket,98.0,263,25774,48.75,0.0,4,0.0,196.0,0,Premium
Leather,Jacket,98.0,263,25774,34.0,0.25,4,0.0,220.5,0,Premium
Leather,Jacket,98.0,263,25774,41.333333333333336,0.3333333333333333,3,0.0,196.0,2,Çok Satan
Leather,Jacket,98.0,263,25774,44.666666666666664,0.0,6,0.0,196.0,0,Premium
Leather,Jacket,98.0,263,25774,50.166666666666664,0.3333333333333333,6,0.0,196.0,2,Çok Satan
Leather,Jacket,98.0,263,25774,48.2,0.2,5,0.0,215.6,0,Premium
Leather,Jacket,98.0,263,25774,53.5,0.0,2,0.0,294.0,0,Premium
Leather,Jacket,98.0,263,25774,65.25,0.0,4,0.0,171.5,0,Premium
Leather,Jacket,98.0,263,25774,37.714285714285715,0.14285714285714285,7,0.0,252.0,0,Premium
Leather,Jacket,98.0,263,25774,69.0,0.0,2,0.0,245.0,0,Premium
Leather,Jacket,98.0,263,25774,54.8,0.2,5,0.0,196.0,0,Premium
Leather,Jacket,98.0,263,25774,61.0,0.2,5,0.0,137.2,0,Premium
Leather,Jacket,98.0,263,25774,60.166666666666664,0.3333333333333333,6,0.0,130.66666666666666,0,Premium
Leather,Jacket,98.0,263,25774,35.333333333333336,0.0,2,0.3333333333333333,294.0,2,Çok Satan
Leather,Jacket,98.0,263,25774,56.0,0.0,2,0.0,147.0,0,Premium
Leather,Jacket,98.0,263,25774,34.333333333333336,0.0,3,0.0,163.33333333333334,0,Premium
Leather,Jacket,98.0,263,25774,60.333333333333336,0.0,3,0.0,163.33333333333334,0,Premium
Leather,Jacket,98.0,263,25774,23.0,1.0,1,0.0,294.0,2,Çok Satan
Leather,Jacket,98.0,263,25774,50.0,0.0,2,0.0,147.0,0,Premium
Leather,Jacket,98.0,263,25774,43.25,0.0,4,0.0,196.0,0,Premium
Leather,Jacket,98.0,263,25774,55.333333333333336,0.3333333333333333,3,0.0,163.33333333333334,2,Çok Satan
Leather,Jacket,98.0,263,25774,35.0,0.0,1,0.0,98.0,0,Premium
Leather,Jacket,98.0,263,25774,27.0,0.0,1,0.0,196.0,0,Premium
Cuban Collar,Shirt,105.0,254,26670,48.6,0.2,5,0.0,210.0,0,Premium
Cuban Collar,Shirt,105.0,254,26670,40.5,0.0,2,0.0,210.0,0,Premium
Cuban Collar,Shirt,105.0,254,26670,32.25,0.0,4,0.0,183.75,0,Premium
Cuban Collar,Shirt,105.0,254,26670,61.333333333333336,0.0,3,0.0,245.0,1,Ekonomik
Cuban Collar,Shirt,105.0,254,26670,48.6,0.0,5,0.0,210.0,0,Premium
Cuban Collar,Shirt,105.0,254,26670,50.57142857142857,0.2857142857142857,7,0.0,225.0,1,Ekonomik
Cuban Collar,Shirt,105.0,254,26670,50.0,0.25,4,0.0,183.75,0,Premium
Cuban Collar,Shirt,105.0,254,26670,58.0,0.0,5,0.0,252.0,1,Ekonomik
Cuban Collar,Shirt,105.0,254,26670,45.75,0.5,4,0.0,210.0,2,Çok Satan
Cuban Collar,Shirt,105.0,254,26670,54.25,0.0,4,0.0,315.0,1,Ekonomik
Cuban Collar,Shirt,105.0,254,26670,48.0,0.0,1,0.0,105.0,0,Premium
Cuban Collar,Shirt,105.0,254,26670,66.0,0.0,2,0.0,262.5,1,Ekonomik
Cuban Collar,Shirt,105.0,254,26670,36.25,0.25,4,0.0,236.25,0,Premium
Cuban Collar,Shirt,105.0,254,26670,44.5,0.0,6,0.0,227.5,0,Premium
Cuban Collar,Shirt,105.0,254,26670,61.0,0.0,1,0.0,315.0,1,Ekonomik
Cuban Collar,Shirt,105.0,254,26670,63.25,0.25,4,0.0,210.0,2,Çok Satan
Cuban Collar,Shirt,105.0,254,26670,52.4,0.2,5,0.0,168.0,0,Premium
Cuban Collar,Shirt,105.0,254,26670,52.5,0.0,4,0.0,157.5,0,Premium
Cuban Collar,Shirt,105.0,254,26670,48.25,0.0,4,0.0,288.75,1,Ekonomik
Cuban Collar,Shirt,105.0,254,26670,53.0,0.0,1,0.0,315.0,1,Ekonomik
Cuban Collar,Shirt,105.0,254,26670,55.6,0.0,5,0.0,210.0,0,Premium
Cuban Collar,Shirt,105.0,254,26670,30.0,0.0,4,0.0,236.25,0,Premium
Cuban Collar,Shirt,105.0,254,26670,39.833333333333336,0.16666666666666666,5,0.16666666666666666,175.0,2,Çok Satan
Cuban Collar,Shirt,105.0,254,26670,50.8,0.4,5,0.0,210.0,2,Çok Satan
Cuban Collar,Shirt,105.0,254,26670,62.666666666666664,0.0,3,0.0,280.0,1,Ekonomik
Cuban Collar,Shirt,105.0,254,26670,22.0,0.0,1,0.0,210.0,0,Premium
Cuban Collar,Shirt,105.0,254,26670,53.5,0.0,2,0.0,210.0,0,Premium
Cuban Collar,Shirt,105.0,254,26670,51.666666666666664,0.3333333333333333,3,0.0,210.0,2,Çok Satan
Cuban Collar,Shirt,105.0,254,26670,52.5,0.5,2,0.0,210.0,2,Çok Satan
Cuban Collar,Shirt,105.0,254,26670,47.333333333333336,0.6666666666666666,3,0.0,210.0,2,Çok Satan
Cuban Collar,Shirt,105.0,254,26670,45.333333333333336,0.0,3,0.0,210.0,0,Premium
Cuban Collar,Shirt,105.0,254,26670,44.0,0.5,2,0.0,210.0,2,Çok Satan
Cuban Collar,Shirt,105.0,254,26670,49.5,1.0,2,0.0,210.0,2,Çok Satan
Cuban Collar,Shirt,105.0,254,26670,56.333333333333336,0.3333333333333333,3,0.0,140.0,2,Çok Satan
Cuban Collar,Shirt,105.0,254,26670,53.0,0.3333333333333333,3,0.0,280.0,2,Çok Satan
Linen,Shirt,91.0,270,24570,54.0,0.0,3,0.0,182.0,0,Premium
Linen,Shirt,91.0,270,24570,38.25,0.0,4,0.0,250.25,0,Premium
Linen,Shirt,91.0,270,24570,51.857142857142854,0.0,7,0.0,208.0,0,Premium
Linen,Shirt,91.0,270,24570,55.333333333333336,0.6666666666666666,3,0.0,182.0,2,Çok Satan
Linen,Shirt,91.0,270,24570,51.5,0.5,4,0.0,159.25,2,Çok Satan
Linen,Shirt,91.0,270,24570,47.333333333333336,0.3333333333333333,3,0.0,212.33333333333334,2,Çok Satan
Linen,Shirt,91.0,270,24570,45.333333333333336,0.6666666666666666,3,0.0,212.33333333333334,2,Çok Satan
Linen,Shirt,91.0,270,24570,49.375,0.0,8,0.0,182.0,0,Premium
Linen,Shirt,91.0,270,24570,43.5,0.25,4,0.0,182.0,0,Premium
Linen,Shirt,91.0,270,24570,47.0,0.0,4,0.0,227.5,0,Premium
Linen,Shirt,91.0,270,24570,57.8,0.4,5,0.0,163.8,2,Çok Satan
Linen,Shirt,91.0,270,24570,49.5,0.0,4,0.0,182.0,0,Premium
Linen,Shirt,91.0,270,24570,49.333333333333336,0.16666666666666666,6,0.0,121.33333333333333,0,Premium
Linen,Shirt,91.0,270,24570,40.0,0.5,4,0.0,273.0,2,Çok Satan
Linen,Shirt,91.0,270,24570,55.333333333333336,0.0,3,0.0,242.66666666666666,0,Premium
Linen,Shirt,91.0,270,24570,41.5,0.0,2,0.0,227.5,0,Premium
Linen,Shirt,91.0,270,24570,52.0,0.3333333333333333,3,0.0,212.33333333333334,2,Çok Satan
Linen,Shirt,91.0,270,24570,56.8,0.2,5,0.0,163.8,0,Premium
Linen,Shirt,91.0,270,24570,66.0,0.0,2,0.0,136.5,0,Premium
Linen,Shirt,91.0,270,24570,56.333333333333336,0.3333333333333333,3,0.0,121.33333333333333,2,Çok Satan
Linen,Shirt,91.0,270,24570,47.25,0.0,4,0.0,204.75,0,Premium
Linen,Shirt,91.0,270,24570,55.5,0.0,2,0.0,182.0,0,Premium
Linen,Shirt,91.0,270,24570,53.8,0.2,5,0.0,200.2,0,Premium
Linen,Shirt,91.0,270,24570,46.0,0.3333333333333333,3,0.0,151.66666666666666,2,Çok Satan
Linen,Shirt,91.0,270,24570,66.66666666666667,0.0,3,0.0,242.66666666666666,0,Premium
Linen,Shirt,91.0,270,24570,42.5,0.3333333333333333,6,0.0,166.83333333333334,0,Premium
Linen,Shirt,91.0,270,24570,47.0,0.3333333333333333,3,0.0,242.66666666666666,2,Çok Satan
Linen,Shirt,91.0,270,24570,39.4,0.4,5,0.0,145.6,2,Çok Satan
Linen,Shirt,91.0,270,24570,38.0,0.0,3,0.0,151.66666666666666,0,Premium
Linen,Shirt,91.0,270,24570,46.42857142857143,0.14285714285714285,7,0.0,156.0,0,Premium
Linen,Shirt,91.0,270,24570,39.0,0.0,1,0.0,182.0,0,Premium
Linen,Shirt,91.0,270,24570,55.333333333333336,0.3333333333333333,3,0.0,182.0,2,Çok Satan
Linen,Shirt,91.0,270,24570,54.5,0.25,4,0.0,250.25,0,Premium
Linen,Shirt,91.0,270,24570,27.0,0.0,1,0.0,91.0,0,Premium
Linen,Shirt,91.0,270,24570,35.0,0.0,1,0.0,182.0,0,Premium
Polo,Shirt,95.0,264,25080,43.0,0.5,4,0.0,118.75,2,Çok Satan
Polo,Shirt,95.0,264,25080,34.0,0.0,1,0.0,95.0,0,Premium
Polo,Shirt,95.0,264,25080,34.0,0.0,4,0.0,190.0,0,Premium
Polo,Shirt,95.0,264,25080,41.2,0.0,5,0.0,190.0,0,Premium
Polo,Shirt,95.0,264,25080,51.25,0.0,4,0.0,213.75,0,Premium
Polo,Shirt,95.0,264,25080,50.0,0.3333333333333333,3,0.0,221.66666666666666,2,Çok Satan
Polo,Shirt,95.0,264,25080,45.833333333333336,0.0,6,0.0,174.16666666666666,0,Premium
Polo,Shirt,95.0,264,25080,40.2,0.0,5,0.0,152.0,0,Premium
Polo,Shirt,95.0,264,25080,52.25,0.25,4,0.0,237.5,0,Premium
Polo,Shirt,95.0,264,25080,61.5,0.0,2,0.0,190.0,0,Premium
Polo,Shirt,95.0,264,25080,57.2,0.0,5,0.0,152.0,0,Premium
Polo,Shirt,95.0,264,25080,57.8,0.2,5,0.0,209.0,0,Premium
Polo,Shirt,95.0,264,25080,46.42857142857143,0.14285714285714285,7,0.0,203.57142857142858,0,Premium
Polo,Shirt,95.0,264,25080,43.0,0.0,4,0.0,118.75,0,Premium
Polo,Shirt,95.0,264,25080,56.333333333333336,0.3333333333333333,3,0.0,158.33333333333334,2,Çok Satan
Polo,Shirt,95.0,264,25080,52.2,0.0,5,0.0,152.0,0,Premium
Polo,Shirt,95.0,264,25080,59.0,0.3333333333333333,3,0.0,221.66666666666666,2,Çok Satan
Polo,Shirt,95.0,264,25080,38.75,0.25,4,0.0,166.25,0,Premium
Polo,Shirt,95.0,264,25080,47.6,0.4,5,0.0,190.0,2,Çok Satan
Polo,Shirt,95.0,264,25080,37.0,0.0,5,0.0,247.0,0,Premium
Polo,Shirt,95.0,264,25080,44.0,0.0,5,0.0,209.0,0,Premium
Polo,Shirt,95.0,264,25080,40.0,0.0,2,0.0,190.0,0,Premium
Polo,Shirt,95.0,264,25080,42.2,0.0,5,0.0,228.0,0,Premium
Polo,Shirt,95.0,264,25080,52.0,0.0,4,0.0,213.75,0,Premium
Polo,Shirt,95.0,264,25080,52.5,0.5,2,0.0,190.0,2,Çok Satan
Polo,Shirt,95.0,264,25080,61.75,0.5,4,0.0,142.5,2,Çok Satan
Polo,Shirt,95.0,264,25080,51.5,0.0,2,0.0,142.5,0,Premium
Polo,Shirt,95.0,264,25080,41.0,1.0,2,0.0,190.0,2,Çok Satan
Polo,Shirt,95.0,264,25080,56.25,0.0,4,0.0,190.0,0,Premium
Polo,Shirt,95.0,264,25080,43.0,0.0,4,0.0,190.0,0,Premium
Polo,Shirt,95.0,264,25080,45.285714285714285,0.14285714285714285,7,0.0,230.71428571428572,0,Premium
Polo,Shirt,95.0,264,25080,39.666666666666664,0.0,3,0.0,285.0,0,Premium
Polo,Shirt,95.0,264,25080,44.0,1.0,1,0.0,190.0,2,Çok Satan
Polo,Shirt,95.0,264,25080,32.0,0.0,1,0.0,190.0,0,Premium
Polo,Shirt,95.0,264,25080,24.0,0.0,1,0.0,285.0,0,Premium
Wool,Trousers,106.0,249,26394,59.5,0.25,4,0.0,265.0,1,Ekonomik
Wool,Trousers,106.0,249,26394,61.666666666666664,0.0,3,0.0,247.33333333333334,1,Ekonomik
Wool,Trousers,106.0,249,26394,59.0,0.0,3,0.0,212.0,0,Premium
Wool,Trousers,106.0,249,26394,55.142857142857146,0.14285714285714285,7,0.0,242.28571428571428,1,Ekonomik
Wool,Trousers,106.0,249,26394,35.5,0.0,4,0.0,185.5,0,Premium
Wool,Trousers,106.0,249,26394,42.111111111111114,0.0,9,0.0,200.22222222222223,0,Premium
Wool,Trousers,106.0,249,26394,68.0,0.0,2,0.0,159.0,0,Premium
Wool,Trousers,106.0,249,26394,51.0,0.0,2,0.0,212.0,0,Premium
Wool,Trousers,106.0,249,26394,61.666666666666664,0.6666666666666666,3,0.0,176.66666666666666,2,Çok Satan
Wool,Trousers,106.0,249,26394,55.5,0.0,4,0.0,212.0,0,Premium
Wool,Trousers,106.0,249,26394,41.0,0.0,4,0.0,291.5,1,Ekonomik
Wool,Trousers,106.0,249,26394,30.666666666666668,0.0,6,0.0,229.66666666666666,0,Premium
Wool,Trousers,106.0,249,26394,62.0,0.0,1,0.0,106.0,0,Premium
Wool,Trousers,106.0,249,26394,56.166666666666664,0.3333333333333333,6,0.0,212.0,2,Çok Satan
Wool,Trousers,106.0,249,26394,36.5,0.0,4,0.0,159.0,0,Premium
Wool,Trousers,106.0,249,26394,55.0,0.3333333333333333,3,0.0,212.0,2,Çok Satan
Wool,Trousers,106.0,249,26394,44.5,0.25,4,0.0,212.0,0,Premium
Wool,Trousers,106.0,249,26394,41.0,0.0,5,0.0,169.6,0,Premium
Wool,Trousers,106.0,249,26394,53.25,0.25,4,0.0,265.0,1,Ekonomik
Wool,Trousers,106.0,249,26394,50.2,0.0,5,0.0,254.4,1,Ekonomik
Wool,Trousers,106.0,249,26394,42.333333333333336,0.0,6,0.0,159.0,0,Premium
Wool,Trousers,106.0,249,26394,78.0,1.0,1,0.0,106.0,2,Çok Satan
Wool,Trousers,106.0,249,26394,49.5,0.0,2,0.0,318.0,1,Ekonomik
Wool,Trousers,106.0,249,26394,56.0,0.25,4,0.0,212.0,2,Çok Satan
Wool,Trousers,106.0,249,26394,47.833333333333336,0.0,6,0.0,159.0,0,Premium
Wool,Trousers,106.0,249,26394,58.333333333333336,0.3333333333333333,3,0.0,247.33333333333334,2,Çok Satan
Wool,Trousers,106.0,249,26394,62.0,0.3333333333333333,3,0.0,212.0,2,Çok Satan
Wool,Trousers,106.0,249,26394,33.0,0.5,2,0.0,106.0,2,Çok Satan
Wool,Trousers,106.0,249,26394,28.5,0.0,2,0.0,212.0,0,Premium
Wool,Trousers,106.0,249,26394,62.0,0.5,2,0.0,106.0,2,Çok Satan
Wool,Trousers,106.0,249,26394,43.5,0.5,2,0.0,212.0,2,Çok Satan
Wool,Trousers,106.0,249,26394,44.0,0.0,4,0.0,238.5,1,Ekonomik
Wool,Trousers,106.0,249,26394,38.25,0.25,4,0.0,265.0,1,Ekonomik
Wool,Trousers,106.0,249,26394,66.0,0.0,1,0.0,212.0,0,Premium
Coach,Jacket,93.0,265,24645,51.333333333333336,0.0,3,0.0,248.0,0,Premium
Coach,Jacket,93.0,265,24645,47.2,0.0,5,0.0,186.0,0,Premium
Coach,Jacket,93.0,265,24645,52.333333333333336,0.3333333333333333,3,0.0,217.0,2,Çok Satan
Coach,Jacket,93.0,265,24645,35.0,0.0,3,0.0,155.0,0,Premium
Coach,Jacket,93.0,265,24645,43.8,0.2,5,0.0,204.6,0,Premium
Coach,Jacket,93.0,265,24645,53.0,0.0,4,0.0,186.0,0,Premium
Coach,Jacket,93.0,265,24645,41.0,0.4,5,0.0,241.8,2,Çok Satan
Coach,Jacket,93.0,265,24645,38.42857142857143,0.2857142857142857,7,0.0,186.0,0,Premium
Coach,Jacket,93.0,265,24645,45.0,0.0,6,0.0,155.0,0,Premium
Coach,Jacket,93.0,265,24645,48.5,0.0,4,0.0,116.25,0,Premium
Coach,Jacket,93.0,265,24645,40.8,0.2,5,0.0,186.0,0,Premium
Coach,Jacket,93.0,265,24645,37.25,0.75,4,0.0,209.25,2,Çok Satan
Coach,Jacket,93.0,265,24645,47.333333333333336,0.16666666666666666,6,0.0,232.5,0,Premium
Coach,Jacket,93.0,265,24645,66.2,0.0,5,0.0,204.6,0,Premium
Coach,Jacket,93.0,265,24645,48.142857142857146,0.14285714285714285,7,0.0,132.85714285714286,0,Premium
Coach,Jacket,93.0,265,24645,57.0,0.5,2,0.0,186.0,2,Çok Satan
Coach,Jacket,93.0,265,24645,77.0,0.3333333333333333,3,0.0,217.0,2,Çok Satan
Coach,Jacket,93.0,265,24645,53.333333333333336,0.0,3,0.0,217.0,0,Premium
Coach,Jacket,93.0,265,24645,51.285714285714285,0.14285714285714285,7,0.0,199.28571428571428,0,Premium
Coach,Jacket,93.0,265,24645,55.2,0.0,5,0.0,204.6,0,Premium
Coach,Jacket,93.0,265,24645,45.0,0.3333333333333333,3,0.0,155.0,2,Çok Satan
Coach,Jacket,93.0,265,24645,50.0,0.0,3,0.0,186.0,0,Premium
Coach,Jacket,93.0,265,24645,42.25,0.0,4,0.0,139.5,0,Premium
Coach,Jacket,93.0,265,24645,47.333333333333336,0.6666666666666666,3,0.0,217.0,2,Çok Satan
Coach,Jacket,93.0,265,24645,72.0,0.0,1,0.0,279.0,0,Premium
Coach,Jacket,93.0,265,24645,63.75,0.0,4,0.0,116.25,0,Premium
Coach,Jacket,93.0,265,24645,49.4,0.0,5,0.0,130.2,0,Premium
Coach,Jacket,93.0,265,24645,56.25,0.5,4,0.0,186.0,2,Çok Satan
Coach,Jacket,93.0,265,24645,52.166666666666664,0.0,6,0.0,186.0,0,Premium
Coach,Jacket,93.0,265,24645,53.0,0.3333333333333333,3,0.0,217.0,2,Çok Satan
Coach,Jacket,93.0,265,24645,44.5,0.0,2,0.0,93.0,0,Premium
Coach,Jacket,93.0,265,24645,45.666666666666664,0.0,3,0.0,155.0,0,Premium
Coach,Jacket,93.0,265,24645,22.0,1.0,1,0.0,186.0,2,Çok Satan
Dress,Shirt,104.0,243,25272,42.5,0.0,2,0.0,104.0,0,Premium
Dress,Shirt,104.0,243,25272,47.8,0.0,5,0.0,228.8,0,Premium
Dress,Shirt,104.0,243,25272,52.5,0.0,6,0.0,190.66666666666666,0,Premium
Dress,Shirt,104.0,243,25272,24.5,0.0,2,0.0,156.0,0,Premium
Dress,Shirt,104.0,243,25272,68.0,0.0,4,0.0,182.0,0,Premium
Dress,Shirt,104.0,243,25272,50.333333333333336,0.0,6,0.0,156.0,0,Premium
Dress,Shirt,104.0,243,25272,55.0,0.5,2,0.0,260.0,2,Çok Satan
Dress,Shirt,104.0,243,25272,52.25,0.0,4,0.0,156.0,0,Premium
Dress,Shirt,104.0,243,25272,37.333333333333336,0.0,3,0.0,138.66666666666666,0,Premium
Dress,Shirt,104.0,243,25272,56.25,0.5,4,0.0,260.0,2,Çok Satan
Dress,Shirt,104.0,243,25272,77.0,0.5,2,0.0,312.0,2,Çok Satan
Dress,Shirt,104.0,243,25272,67.66666666666667,0.3333333333333333,3,0.0,173.33333333333334,2,Çok Satan
Dress,Shirt,104.0,243,25272,41.166666666666664,0.0,6,0.0,242.66666666666666,0,Premium
Dress,Shirt,104.0,243,25272,52.22222222222222,0.1111111111111111,9,0.0,208.0,0,Premium
Dress,Shirt,104.0,243,25272,46.2,0.2,5,0.0,249.6,1,Ekonomik
Dress,Shirt,104.0,243,25272,40.5,0.25,4,0.0,130.0,0,Premium
Dress,Shirt,104.0,243,25272,46.5,0.25,4,0.0,182.0,0,Premium
Dress,Shirt,104.0,243,25272,48.0,0.0,5,0.0,208.0,0,Premium
Dress,Shirt,104.0,243,25272,34.0,0.0,4,0.0,208.0,0,Premium
Dress,Shirt,104.0,243,25272,46.2,0.2,5,0.0,270.4,1,Ekonomik
Dress,Shirt,104.0,243,25272,50.0,0.3333333333333333,3,0.0,277.3333333333333,2,Çok Satan
Dress,Shirt,104.0,243,25272,51.0,0.25,4,0.0,208.0,2,Çok Satan
Dress,Shirt,104.0,243,25272,40.666666666666664,0.0,3,0.0,242.66666666666666,0,Premium
Dress,Shirt,104.0,243,25272,39.0,0.0,1,0.0,104.0,0,Premium
Dress,Shirt,104.0,243,25272,58.5,0.0,2,0.0,208.0,0,Premium
Dress,Shirt,104.0,243,25272,46.4,0.0,5,0.0,228.8,0,Premium
Dress,Shirt,104.0,243,25272,37.4,0.0,5,0.0,208.0,0,Premium
Dress,Shirt,104.0,243,25272,38.75,0.25,4,0.0,130.0,0,Premium
Dress,Shirt,104.0,243,25272,49.0,0.3333333333333333,3,0.0,208.0,2,Çok Satan
Dress,Shirt,104.0,243,25272,49.666666666666664,0.3333333333333333,3,0.0,104.0,2,Çok Satan
Dress,Shirt,104.0,243,25272,36.0,0.5,2,0.0,156.0,2,Çok Satan
Dress,Shirt,104.0,243,25272,35.0,0.0,1,0.0,208.0,0,Premium
Dress,Shirt,104.0,243,25272,48.0,0.0,2,0.0,156.0,0,Premium
Dress,Shirt,104.0,243,25272,63.0,0.5,2,0.0,156.0,2,Çok Satan
Dress,Shirt,104.0,243,25272,58.5,0.0,2,0.0,156.0,0,Premium
Mandarin Collar,Shirt,109.0,236,25724,49.166666666666664,0.3333333333333333,6,0.0,254.33333333333334,1,Ekonomik
Mandarin Collar,Shirt,109.0,236,25724,54.0,0.25,4,0.0,163.5,2,Çok Satan
Mandarin Collar,Shirt,109.0,236,25724,33.0,0.0,3,0.0,181.66666666666666,0,Premium
Mandarin Collar,Shirt,109.0,236,25724,38.375,0.0,8,0.0,258.875,1,Ekonomik
Mandarin Collar,Shirt,109.0,236,25724,44.166666666666664,0.16666666666666666,6,0.0,199.83333333333334,0,Premium
Mandarin Collar,Shirt,109.0,236,25724,46.333333333333336,0.0,3,0.0,145.33333333333334,0,Premium
Mandarin Collar,Shirt,109.0,236,25724,58.0,0.3333333333333333,3,0.0,218.0,2,Çok Satan
Mandarin Collar,Shirt,109.0,236,25724,28.0,0.0,1,0.0,218.0,0,Premium
Mandarin Collar,Shirt,109.0,236,25724,40.25,0.125,8,0.0,218.0,1,Ekonomik
Mandarin Collar,Shirt,109.0,236,25724,65.75,0.0,4,0.0,190.75,0,Premium
Mandarin Collar,Shirt,109.0,236,25724,46.666666666666664,0.3333333333333333,3,0.0,109.0,2,Çok Satan
Mandarin Collar,Shirt,109.0,236,25724,35.0,0.0,4,0.0,190.75,0,Premium
Mandarin Collar,Shirt,109.0,236,25724,41.2,0.0,5,0.0,174.4,0,Premium
Mandarin Collar,Shirt,109.0,236,25724,50.0,0.0,4,0.0,272.5,1,Ekonomik
Mandarin Collar,Shirt,109.0,236,25724,39.0,0.0,4,0.0,218.0,0,Premium
Mandarin Collar,Shirt,109.0,236,25724,61.8,0.0,4,0.2,239.8,1,Ekonomik
Mandarin Collar,Shirt,109.0,236,25724,41.333333333333336,0.3333333333333333,3,0.0,181.66666666666666,2,Çok Satan
Mandarin Collar,Shirt,109.0,236,25724,41.666666666666664,0.0,6,0.0,181.66666666666666,0,Premium
Mandarin Collar,Shirt,109.0,236,25724,41.0,0.0,3,0.0,109.0,0,Premium
Mandarin Collar,Shirt,109.0,236,25724,38.0,0.0,3,0.0,254.33333333333334,1,Ekonomik
Mandarin Collar,Shirt,109.0,236,25724,42.333333333333336,0.0,3,0.0,218.0,0,Premium
Mandarin Collar,Shirt,109.0,236,25724,38.4,0.2,5,0.0,218.0,1,Ekonomik
Mandarin Collar,Shirt,109.0,236,25724,48.4,0.0,5,0.0,196.2,0,Premium
Mandarin Collar,Shirt,109.0,236,25724,47.0,0.0,3,0.0,254.33333333333334,1,Ekonomik
Mandarin Collar,Shirt,109.0,236,25724,36.5,0.5,2,0.0,109.0,2,Çok Satan
Mandarin Collar,Shirt,109.0,236,25724,37.333333333333336,0.0,3,0.0,254.33333333333334,1,Ekonomik
Mandarin Collar,Shirt,109.0,236,25724,56.75,0.0,4,0.0,272.5,1,Ekonomik
Mandarin Collar,Shirt,109.0,236,25724,32.0,1.0,1,0.0,109.0,2,Çok Satan
Mandarin Collar,Shirt,109.0,236,25724,20.0,1.0,1,0.0,109.0,2,Çok Satan
Mandarin Collar,Shirt,109.0,236,25724,20.0,0.0,1,0.0,109.0,0,Premium
Mandarin Collar,Shirt,109.0,236,25724,36.75,0.75,4,0.0,245.25,2,Çok Satan
Mandarin Collar,Shirt,109.0,236,25724,61.0,0.0,1,0.0,109.0,0,Premium
Mandarin Collar,Shirt,109.0,236,25724,42.0,0.0,3,0.0,254.33333333333334,1,Ekonomik
Mandarin Collar,Shirt,109.0,236,25724,36.0,0.0,2,0.0,163.5,0,Premium
Cords,Trousers,94.0,246,23124,52.666666666666664,0.16666666666666666,6,0.0,125.33333333333333,0,Premium
Cords,Trousers,94.0,246,23124,48.5,0.5,2,0.0,235.0,2,Çok Satan
Cords,Trousers,94.0,246,23124,47.333333333333336,0.0,3,0.0,188.0,0,Premium
Cords,Trousers,94.0,246,23124,45.0,0.0,3,0.0,219.33333333333334,0,Premium
Cords,Trousers,94.0,246,23124,43.42857142857143,0.14285714285714285,7,0.0,214.85714285714286,0,Premium
Cords,Trousers,94.0,246,23124,56.2,0.0,5,0.0,188.0,0,Premium
Cords,Trousers,94.0,246,23124,56.0,0.0,5,0.0,225.6,0,Premium
Cords,Trousers,94.0,246,23124,34.5,0.25,4,0.0,141.0,0,Premium
Cords,Trousers,94.0,246,23124,52.5,0.0,4,0.0,188.0,0,Premium
Cords,Trousers,94.0,246,23124,46.0,0.25,4,0.0,141.0,0,Premium
Cords,Trousers,94.0,246,23124,54.4,0.0,5,0.0,169.2,0,Premium
Cords,Trousers,94.0,246,23124,47.4,0.2,5,0.0,244.4,0,Premium
Cords,Trousers,94.0,246,23124,28.0,0.0,2,0.0,282.0,0,Premium
Cords,Trousers,94.0,246,23124,49.333333333333336,0.0,3,0.0,219.33333333333334,0,Premium
Cords,Trousers,94.0,246,23124,37.666666666666664,0.0,3,0.0,125.33333333333333,0,Premium
Cords,Trousers,94.0,246,23124,49.666666666666664,0.0,6,0.0,156.66666666666666,0,Premium
Cords,Trousers,94.0,246,23124,59.666666666666664,0.0,3,0.0,156.66666666666666,0,Premium
Cords,Trousers,94.0,246,23124,47.666666666666664,0.0,3,0.0,219.33333333333334,0,Premium
Cords,Trousers,94.0,246,23124,53.0,0.0,3,0.0,156.66666666666666,0,Premium
Cords,Trousers,94.0,246,23124,59.25,0.0,4,0.0,141.0,0,Premium
Cords,Trousers,94.0,246,23124,59.8,0.0,5,0.0,244.4,0,Premium
Cords,Trousers,94.0,246,23124,66.0,0.3333333333333333,3,0.0,219.33333333333334,2,Çok Satan
Cords,Trousers,94.0,246,23124,45.875,0.0,8,0.0,199.75,0,Premium
Cords,Trousers,94.0,246,23124,49.4,0.2,5,0.0,188.0,0,Premium
Cords,Trousers,94.0,246,23124,44.75,0.0,4,0.0,164.5,0,Premium
Cords,Trousers,94.0,246,23124,58.0,0.0,1,0.0,282.0,0,Premium
Cords,Trousers,94.0,246,23124,41.333333333333336,0.0,3,0.0,125.33333333333333,0,Premium
Cords,Trousers,94.0,246,23124,51.0,0.0,1,0.0,282.0,0,Premium
Cords,Trousers,94.0,246,23124,29.5,0.0,4,0.0,141.0,0,Premium
Cords,Trousers,94.0,246,23124,69.0,0.0,3,0.0,125.33333333333333,0,Premium
Cords,Trousers,94.0,246,23124,34.0,0.0,1,0.0,94.0,0,Premium
Cords,Trousers,94.0,246,23124,30.0,0.0,2,0.0,235.0,0,Premium
Cords,Trousers,94.0,246,23124,57.666666666666664,0.3333333333333333,3,0.0,156.66666666666666,2,Çok Satan
Cords,Trousers,94.0,246,23124,61.0,0.0,1,0.0,188.0,0,Premium
Cords,Trousers,94.0,246,23124,57.5,0.0,2,0.0,141.0,0,Premium
